UMAP1,UMAP2,label
5.723641,1.0999144,0
0.506172,-2.1167724,1
5.134604,1.224833,4
8.881094,-1.299122,6
12.198076,4.5963078,3
12.278976,1.000248,3
0.7382886,0.06116392,2
2.4145656,-1.6945058,0
1.2884688,-0.13046102,2
0.97113115,3.5788386,0
11.592523,7.0382886,3
3.4191756,3.5264077,0
5.4703364,2.4350674,4
-0.04321024,3.8086624,2
6.3140864,-2.3418605,6
0.8323341,8.993805,2
-0.25772327,8.186068,5
2.1585608,5.9547086,0
1.715504,10.64615,5
12.367031,2.2002091,3
1.9587048,7.919611,2
1.4342278,10.649775,5
6.122982,-0.9260487,0
3.4765549,-2.4465077,4
5.8827314,2.3705044,0
6.2755685,0.60464126,2
2.013128,-2.7567766,4
1.7497348,10.234913,4
5.6077037,3.804724,0
0.53086025,9.521012,2
13.09627,2.49628,3
5.390735,-0.12291028,6
11.229339,5.851771,3
8.519807,-3.0178354,6
6.243042,0.45066366,0
3.6867747,4.98329,4
4.975033,-2.1802948,6
0.44798356,3.2854702,2
9.320222,-1.9686114,6
12.691497,5.3917522,3
5.640668,3.2775464,0
1.4049172,-2.0445566,4
6.2408004,1.9736005,4
4.810576,-0.44397193,2
4.7713017,-2.1935973,6
10.888349,5.106703,3
0.07971941,9.513757,5
11.086589,5.4311347,3
0.025510121,8.122822,5
4.8573565,-0.56530493,6
6.9272504,-0.53456664,0
12.659893,5.347874,3
0.9687279,9.0171585,5
1.840037,-1.4767876,4
2.0801418,-2.0451128,4
10.2786,5.2141347,3
0.12092451,2.5364263,4
2.3358657,-2.7231688,2
0.5356419,9.862001,5
10.985757,5.6380763,3
8.912368,-2.0085564,6
10.543791,7.576232,3
2.9221015,-2.7961156,4
2.1906755,7.1668577,3
0.8097567,9.488426,5
12.213656,3.1605034,3
1.3724327,9.401205,5
7.5623784,-1.7374123,4
0.32989165,5.7086844,2
11.559102,0.93698573,6
5.1117635,0.57866937,0
0.5391212,10.323553,5
9.350093,-1.0611086,6
11.927086,1.6910063,6
2.1454842,2.8419402,2
7.2329726,-1.1349928,6
0.8842482,10.125371,5
8.081757,-0.6693331,6
0.6803614,-2.5221586,4
1.7563716,-1.3424139,4
3.8695002,0.042811237,0
4.8174214,4.183321,0
4.0539985,0.8675746,1
11.402375,3.8624446,3
0.75960934,7.9703035,5
3.2058792,0.15893294,4
12.268143,6.9746,3
13.178192,5.416575,3
1.0000528,8.611426,3
12.055112,1.4387525,3
9.145883,-1.600329,6
3.9587314,4.7920074,0
10.806687,7.575351,6
5.1468506,1.2503772,4
3.3230908,4.3010097,5
6.601381,2.6760051,2
1.4309435,6.56007,3
12.62753,5.242116,3
11.733767,6.165205,3
5.1979647,3.7052798,0
11.735902,4.915629,3
7.541562,-1.8518549,6
5.6347556,0.62367004,0
11.615643,6.061268,3
2.4343987,5.733955,2
6.5281157,3.2375064,3
7.477924,-2.3869247,6
6.464712,-2.5829642,6
8.827461,-3.176917,5
12.088417,1.4315702,3
12.130043,5.830468,3
9.984402,3.6755073,0
3.6000488,5.0596886,0
1.9597527,-0.47277692,2
12.129283,3.445476,3
0.8827454,1.5975361,2
12.288975,6.2325683,3
8.613489,-1.6350868,6
0.71858156,2.7138581,2
5.5636806,-1.410301,6
0.33243147,9.013073,5
10.6672125,5.33404,0
5.9440026,3.5745394,0
-0.005768364,2.9067245,2
1.7651281,-1.8430545,4
10.038822,-2.0414147,6
10.451699,7.585975,3
4.670271,-0.07933259,6
3.1806617,8.526158,5
1.7552052,8.840302,5
-0.19752987,3.0431752,2
9.044648,-1.7273405,0
0.31103215,0.6158255,2
6.8102183,-1.239879,6
1.6401652,10.579172,5
0.8032264,9.885364,5
0.21659832,9.793251,5
11.912123,2.3195603,6
7.5922375,-2.879826,2
6.8345184,-1.8049109,6
6.466585,0.15984719,6
10.993401,6.6072164,3
5.1326566,2.0785491,1
3.9440107,-2.481182,4
1.0892038,1.7619746,4
7.3517933,0.9540406,6
12.846839,4.323733,3
12.712081,3.9141665,3
11.424973,1.0772547,3
0.61394805,3.7235074,2
2.2915022,-2.5292468,2
3.517065,3.7029884,0
0.58170813,8.833585,5
12.971845,5.1898875,3
1.3204892,10.2861805,5
0.7488404,9.478825,5
-0.03992358,-1.6541084,4
0.41503543,9.820961,5
2.7708967,4.3817506,0
11.709497,5.333934,3
4.556463,2.573784,0
13.626854,4.1592517,3
11.721681,5.1249356,3
10.5674925,6.214727,0
5.455161,-1.599826,6
6.466392,-0.805344,6
7.818833,-1.3887497,3
4.271921,1.4065974,4
0.8675058,10.261739,5
9.5128145,-1.0180413,3
5.5635962,-2.3503413,6
0.47758982,-1.9949679,4
1.042445,8.082355,5
9.060094,-2.033358,6
6.3676143,2.241634,0
4.6996384,1.0883458,0
6.4586573,2.5994813,0
1.636919,2.576691,4
1.2944652,-0.8435379,4
0.8370654,8.630277,5
6.718721,-0.6733342,4
13.020526,2.8856385,3
0.3866006,5.909633,5
12.493225,4.6077332,3
11.3495,5.027673,3
6.453883,-0.19474737,0
1.1162834,0.29357064,4
10.960667,5.455664,3
11.313956,5.6930404,3
12.87139,4.677138,3
1.870334,-3.3587077,4
11.374725,2.0999932,6
0.6826866,9.595038,5
0.62794095,5.4879093,5
13.1784,2.840502,3
6.6121664,-3.1114163,6
0.51412475,8.2931595,5
8.990353,-0.71421814,6
3.083919,3.5743337,0
5.4078283,2.1158981,1
11.311644,1.3238932,3
11.458105,1.4230264,6
1.6202226,5.820816,2
12.319179,4.6291337,3
11.552347,3.0646608,6
0.19272952,3.7651954,2
1.1463933,-2.0480323,0
1.8644117,-2.6204283,4
0.06340827,2.4846497,2
-0.27577123,3.4777656,2
6.6922545,-0.46642172,6
-2.0995355,4.994475,0
3.5152988,3.7943308,4
4.587172,-0.45948905,4
1.8738351,-1.2192897,4
0.58907825,9.449061,2
0.28745598,5.5563025,5
3.5602307,-2.2281823,4
2.6368277,-3.1396077,0
11.686736,5.637347,3
1.207879,4.5401626,3
2.1914842,-3.43547,4
1.4336438,10.694949,5
0.39995694,1.8784071,0
2.997481,4.2294083,0
11.239969,4.5949583,3
0.749565,10.23235,5
3.8451645,5.068168,6
4.8040996,3.9862626,4
11.826291,4.276909,3
-2.2856228,5.1899295,1
6.6235685,-0.6708999,6
0.6201374,10.30848,5
2.0907776,3.251954,2
0.16126175,-1.3389258,3
10.807795,3.6393108,4
9.1145935,0.35559976,3
4.433136,0.9242477,0
2.6900225,3.3120453,0
7.747099,-1.9043558,6
12.824217,3.2672591,3
8.491629,-0.17232771,6
7.0468497,-0.3966655,6
3.8011022,3.766024,0
-2.1682117,5.320506,1
12.716301,5.3905635,3
13.2242,4.7466683,3
12.077863,1.7320117,3
5.921577,2.6540654,0
5.4276886,1.0415506,6
2.9651005,-2.0355504,4
0.27500883,3.7138712,2
3.6135707,0.4810347,4
10.285432,7.171762,3
11.685428,6.670012,3
8.270883,-3.0931716,6
0.92316025,9.355738,5
1.3595675,-2.20057,4
-0.052880336,3.831022,2
6.983997,-2.1795654,6
-0.12982772,-1.1488056,0
4.91224,1.478658,1
4.3900747,3.9713802,0
3.8099227,-1.5710349,6
-0.40836737,2.1520536,2
4.688199,3.7152412,0
2.5825627,4.382156,0
12.3967705,4.02035,3
12.620901,5.6424303,3
1.0146614,-2.46761,4
-0.35072848,3.1349413,2
6.437085,0.44572636,6
0.5497123,8.945436,5
11.98316,3.4055433,3
-0.016415635,8.424253,5
13.076393,2.941576,3
0.58799326,0.07258509,4
0.2648786,8.167513,5
5.9714856,2.300335,1
6.9865713,-1.7865726,6
10.536258,6.1693783,3
0.13818267,9.08389,3
9.794056,-2.1946259,6
-0.07758448,2.5604622,2
4.042974,0.29591152,4
7.100372,-2.6256723,0
6.7210474,2.6300282,0
5.297832,2.894007,0
1.6708937,-0.3157296,6
7.8161044,-1.2980657,2
-0.29077256,8.25822,5
12.785484,5.6922274,3
7.6716013,-3.2345784,6
3.5689864,1.696802,4
12.892922,5.4207253,3
3.6210744,-2.4501975,6
0.2879634,1.5253881,2
8.560621,-2.1493437,6
6.780713,-1.0238974,6
10.51022,6.2791166,5
1.8012651,-1.762022,6
-2.3299735,4.8506937,4
2.42013,4.59719,2
12.189437,1.750749,3
2.5925682,4.372815,0
11.782537,1.681124,3
2.2873251,8.987524,5
10.857514,6.976984,3
13.206226,3.3676755,3
12.894347,5.728337,3
12.358311,1.9729347,3
5.3750596,2.7947984,3
6.4490314,-1.7215933,2
10.727066,3.6313782,6
-2.4570982,5.004916,1
3.9950674,4.6225085,0
1.3347685,-1.913092,4
0.59559476,2.8559778,2
-0.32092026,2.6630452,2
11.593148,3.9766803,3
0.24133499,-1.8540254,4
0.83789945,2.3578906,2
11.402572,1.8984947,3
8.956314,0.19801728,6
5.9979587,1.6569384,0
4.2782793,0.10926023,4
3.364209,-1.1381905,0
10.667216,6.334557,3
12.776923,2.427952,3
0.018773077,8.141217,5
12.297624,4.804445,3
10.930822,-0.03148661,3
5.3363733,3.1604948,0
12.999969,4.755726,3
3.073969,4.363583,2
12.594487,1.7859508,3
1.9276175,4.5262814,5
4.761559,-1.0370547,4
3.9776337,4.023776,0
12.181259,3.3873851,3
5.975246,0.40318793,4
1.5119169,8.515294,5
7.97867,-3.2905624,2
4.2448874,1.5164922,4
0.58982074,6.551903,0
6.5224447,-0.23468055,6
9.661973,4.4913335,6
10.952706,7.427786,3
1.0740632,-1.4346967,2
6.3292084,0.7638461,4
5.3673987,-1.8381616,6
5.860217,2.1377897,0
7.5553555,-1.6860341,6
12.355869,2.3040745,3
6.9243464,-0.22152826,4
1.2302786,-2.553896,4
11.859841,6.5447774,3
6.091635,1.568326,0
13.029099,3.7316267,3
4.2646847,3.650059,2
0.8678366,-0.22909154,2
6.9249196,-1.9514966,2
12.283242,5.591754,3
6.4696074,-2.1549203,6
0.44200045,9.847492,5
12.287423,4.633558,3
12.49516,4.246491,3
12.784647,2.9451787,3
-0.18841985,0.80656695,2
1.8109349,-2.0868082,4
11.920594,2.989427,3
7.922298,-2.272488,6
2.0385299,-2.722223,4
1.1658863,-0.07014027,4
2.5877502,-2.1574814,4
0.060737263,2.0175176,2
5.26961,2.8282237,0
1.2183341,10.750713,5
2.078681,-3.0425289,4
1.9804758,-2.1861386,4
6.46131,0.3158054,0
0.6329168,7.7744174,5
12.568341,7.0524077,3
0.5047979,1.3599647,2
11.113548,4.9726834,3
8.628627,-2.4269133,6
12.179413,6.3865905,3
1.5633452,10.78267,5
10.582204,2.9174592,4
4.9135237,1.2566068,1
1.8734635,1.0445881,6
2.6712809,0.37138724,6
12.051393,4.5602307,3
-0.07165398,4.0497193,5
6.4589615,2.9741144,0
1.579026,9.672343,5
-0.10295635,2.5084336,2
0.76826084,5.3657517,2
4.6867237,1.1968235,2
5.2767987,3.6607692,0
6.105879,1.9090974,0
0.24069417,8.75695,5
12.689853,4.401622,3
11.383104,1.5254878,4
0.5418566,3.4911504,2
8.273564,-0.19334538,4
0.5838002,5.973051,5
0.63057506,8.482479,5
0.713597,5.6306586,5
0.7269219,9.619631,5
9.644401,4.3404636,0
1.5905523,10.732647,5
5.6470466,-0.9776734,4
12.87826,2.1190646,3
9.986376,7.2507124,3
9.852512,-0.8978083,3
5.706061,0.87063295,6
0.11518439,2.4094598,2
0.28153104,9.518572,5
1.7723684,-2.261766,4
8.176633,-0.89621735,6
12.147039,3.785116,3
-0.3476122,1.5537435,5
5.470557,3.7412212,0
3.1492217,5.5195646,6
4.7027006,3.8499992,0
3.4175,-1.0311087,4
12.841688,4.4427476,3
12.533047,3.6152835,3
1.7295018,-2.8621001,4
0.7739794,2.9167457,4
3.7838175,-2.2542045,4
0.30427772,2.2454488,4
8.488281,-1.7934792,6
10.033143,-0.43513113,3
2.354587,3.192095,6
8.973372,-2.1945236,6
-0.08276254,3.424309,2
11.147907,1.2164615,3
5.0055604,2.1398296,0
4.1678905,0.4108374,0
5.998672,2.655486,4
7.5537806,-1.28169,6
-0.066991515,1.3053299,2
0.7682296,6.184898,0
0.7192079,-0.17869164,2
6.140023,2.3664434,0
0.8241681,2.7386327,5
3.5272543,3.785614,2
-2.2465367,5.1832647,1
5.22348,0.48356092,0
13.074578,3.274344,3
11.208767,1.876144,6
5.3802347,-0.19520244,4
3.5469549,-2.707534,4
0.19179349,9.889088,5
-0.061011456,1.9382434,2
1.5797862,-1.8701912,4
4.6231112,4.3092904,0
8.273845,-3.0385022,6
0.945688,9.461348,5
1.4167002,8.731401,5
3.291864,4.6605024,0
11.040104,6.848264,3
7.6335835,-3.11099,6
5.2526217,-0.036689118,4
1.2433999,-1.0809141,2
12.213031,4.2516117,6
12.694681,2.725519,3
0.4066824,1.3933986,2
2.481429,8.352654,3
0.970957,6.7841973,5
7.4197383,-2.652964,6
1.6097783,1.1912066,6
8.736414,-1.8034692,6
-1.9839569,5.346051,1
12.53126,1.2347136,3
8.255479,-2.9303524,6
0.9223611,1.8357545,2
-0.19395582,-1.8091282,4
6.726685,-0.42604008,0
8.42079,-0.19272524,6
8.123161,-1.9819713,3
4.642515,0.6905544,0
4.6714516,0.19097838,6
0.7429766,-0.36037776,4
7.895429,-2.799594,6
0.88212854,8.244357,5
11.4538765,4.2711043,3
9.669931,-1.7031473,6
1.9968415,4.6364202,2
2.7275906,-2.5548012,2
12.342901,1.879329,3
5.4307814,3.2741385,0
1.0930805,-2.3483193,4
2.9377158,-2.6492708,4
-0.05538225,8.520292,5
0.65681,3.1019788,4
0.4364024,-1.7565333,4
1.4224725,10.870172,2
5.3502817,-0.5380661,6
3.7077696,5.225523,2
11.389778,5.3079066,3
1.9996971,6.3723826,5
4.1528044,-0.39414397,0
12.764888,6.6450953,3
12.106417,0.8204726,3
9.581755,-1.267509,6
1.5269599,8.102257,0
2.2276907,-1.7346362,4
1.6115295,2.9145565,2
13.013597,4.735874,3
5.058689,3.5564766,0
2.2467148,8.192102,5
3.04817,5.21898,2
13.383491,3.9872687,3
1.4908371,9.017879,5
0.02905231,-2.1133246,4
4.6504145,3.7590032,0
3.8069777,-2.1117294,4
11.033305,4.469862,3
5.1124125,0.12214988,6
0.34887707,-2.1656458,4
6.489299,-1.9847296,6
10.866113,6.5131693,3
11.396327,1.0721068,3
12.518761,3.5870714,3
10.057285,7.599023,5
4.433501,0.80850583,4
2.3157015,4.5755763,2
4.39883,4.436324,0
11.222859,3.6784186,3
0.9412851,9.680107,5
0.87663746,8.725007,5
4.749577,2.8628352,4
8.441145,-0.14588854,6
4.6677527,-0.115290344,6
9.797677,-0.39312747,6
1.5176829,9.29983,5
10.928958,0.71717614,3
1.9161401,-1.4556003,2
3.5979514,0.09170594,6
7.512584,-1.5331277,4
4.00647,-2.2053308,3
1.4656883,10.601441,5
4.5731845,2.7036362,0
8.179073,-0.20109205,2
4.1871877,-0.778039,6
12.685407,5.0759573,3
12.583194,3.2981348,3
3.6833637,0.4259905,0
1.8589517,-2.8135355,2
3.6690664,0.57882845,4
0.9421172,-0.25594163,2
3.8921852,4.1692123,0
10.954859,4.404301,4
0.09787588,2.5628033,2
4.2374873,4.353015,0
4.4499445,1.1480354,0
1.885019,-1.2104379,6
-2.0024369,5.492283,1
5.164474,1.6102412,4
1.6062825,10.823324,5
4.2156196,4.7280765,0
-0.27102023,3.3729672,2
0.9881069,9.274854,5
8.154321,-0.80035007,6
1.1807479,9.667098,5
1.1204027,-0.3415436,2
6.6276007,-0.2519806,0
5.667898,2.6253092,0
13.140602,3.747173,3
8.463357,-0.16612896,6
6.896867,0.752266,0
1.5550598,3.3285608,5
0.7447241,5.0515833,2
2.218652,3.9404418,2
12.636791,5.1451416,3
-0.064679205,1.603681,2
8.396266,-3.33151,5
1.3182685,-0.1795538,2
11.740306,6.084406,3
1.6622562,2.8104582,2
12.339116,4.6766343,3
0.16918947,7.547966,5
1.9157614,-0.7737478,2
1.8254277,-1.7164638,4
0.28995988,8.087382,5
8.497364,-1.9242414,6
0.6802873,0.70300454,4
9.955789,-0.7329036,6
11.557686,6.1585736,3
2.7448277,-1.8739227,4
8.824056,-2.2314568,6
11.690478,1.4875638,3
8.218424,-1.3933824,6
0.41715935,-2.257728,4
3.3739188,-1.2826408,4
1.02006,-1.4768384,4
4.537517,2.0402482,0
1.1723791,-2.081448,4
7.807886,-3.0946262,6
2.9737222,-0.29878342,6
8.544832,-2.441817,6
12.51917,3.7002273,3
0.7484486,-2.551577,4
5.6865053,3.488611,2
1.0969925,-2.4614136,4
-0.34214577,2.8386674,4
1.9571484,-1.7501115,4
4.542288,4.1150727,0
1.0002176,9.095793,5
12.478848,3.226205,3
3.4568186,-2.86863,4
0.71276987,5.8063345,5
7.022563,-2.4251401,6
6.2082925,1.4006196,0
6.74146,-2.7978864,6
2.4376888,-2.490521,2
3.1192956,3.0074608,2
12.275263,1.9862146,3
5.5498595,-1.1479937,2
3.2397718,0.44670188,4
12.073558,5.1024623,3
12.371803,2.6715786,3
12.47654,4.7714334,3
1.2685679,-0.6022208,4
-0.13545784,3.6485376,2
8.645542,-0.90950257,3
12.830727,2.915447,3
5.598511,-2.5041525,6
12.5320215,2.9117138,3
4.2127595,4.653335,0
2.2164805,-0.53029203,4
1.356622,7.8522944,3
4.2973223,1.1849473,0
1.5165391,8.856305,5
1.9018855,4.166069,2
5.144731,3.5056329,0
4.8659806,2.7774565,0
0.8591404,5.523084,2
3.8956535,-0.727648,4
11.946763,6.4126754,3
1.7653711,9.780879,6
11.787528,4.921637,3
3.725744,5.1273403,5
10.0261545,-0.27926734,3
-0.24324022,3.5909522,5
0.6411972,10.228349,5
12.614481,7.142271,3
0.0061339703,1.0625849,2
1.2743028,1.4762737,2
1.1526167,0.19224651,2
11.905816,5.351479,3
6.749969,-3.159225,2
0.3766589,5.5842204,2
10.519798,6.9659023,3
3.425579,4.0137033,2
11.260129,1.4843524,4
0.60050553,9.029569,5
-0.018821884,-0.68767834,4
12.853385,3.6978946,3
12.716726,5.4091034,3
10.595463,6.634124,3
12.78423,3.6628394,3
0.81796956,9.255488,5
0.43117574,0.86683714,6
2.339974,2.2096066,2
2.3337212,-1.3473991,4
2.9441445,4.279361,0
3.358191,-1.7443864,4
8.470301,-2.7610347,6
7.5433407,-0.56360745,4
1.8086597,3.7872376,2
6.7075615,-1.4485847,4
9.022162,-2.2810304,6
4.0098343,-0.58154655,0
6.636464,2.5699468,4
6.94645,-2.295388,4
8.21337,-1.9419261,6
3.4521637,3.9521513,2
1.791002,3.7269108,2
2.407523,8.026465,5
11.455117,1.6916989,6
0.32105777,5.5327215,4
8.718212,-2.2427466,6
6.5699487,1.111311,6
12.272822,1.8554446,3
8.545699,0.25224707,6
12.579615,5.098742,3
11.314291,7.0747213,3
0.7335154,7.0012593,5
10.014222,4.0497856,4
4.8952537,1.6048144,5
3.7602947,-2.175944,6
10.938946,1.6600207,3
0.8303963,5.3038282,2
12.153695,3.9484222,3
3.6353624,2.8110263,2
6.30595,1.3233097,0
0.54425156,4.533089,2
13.339386,3.898548,3
1.9885799,1.7052573,2
1.5348612,-0.26538506,4
0.13421899,8.214285,5
5.027105,1.7086852,0
11.926944,4.467522,3
4.7500567,4.3343,0
12.067313,5.763312,3
12.165617,6.9112506,3
-2.4991355,5.065741,0
5.9752154,2.6992147,4
-0.03643416,3.1518989,2
11.633567,4.660365,3
12.964392,7.1813674,3
12.323139,6.2591043,3
2.2125528,-0.3380234,4
-0.04522634,1.5457076,2
10.485624,6.59975,3
7.0315876,-1.881431,6
4.818125,1.9117755,2
11.699442,4.197633,3
12.350896,3.7048457,3
4.4900455,4.9417543,0
1.570088,-2.1528068,4
5.5398726,2.7791586,0
6.434173,-0.36381093,0
0.660523,4.0039816,2
7.4751725,-1.6830708,6
10.178692,-0.15619904,6
11.84636,5.8367767,3
0.6409816,6.0826087,2
8.545021,-0.2898029,6
8.869402,-2.1521251,6
5.3985424,-2.2401826,3
9.617876,-1.2866555,2
6.8443375,-1.0928952,6
11.300573,0.6901486,4
5.4498034,1.8250518,3
11.495215,5.4291964,3
3.9270177,-1.561028,6
5.8726315,-0.17871794,0
3.6621327,3.9303803,0
11.699437,2.366143,6
12.353139,3.5352407,3
0.038072627,1.1058165,2
5.4326196,1.7932462,0
12.457248,3.9120877,3
0.06836553,8.7057295,5
12.69817,3.253953,3
11.220505,3.3694077,3
11.896728,4.448625,3
5.9361577,2.193554,0
0.7298356,-0.52726036,2
8.874857,-2.3215432,6
9.923714,4.6741824,3
6.391145,2.6221125,0
5.443117,3.5007327,5
10.441498,7.6234546,3
1.0135058,-2.3256574,4
10.48905,6.137721,3
5.9584856,2.220858,0
3.7019622,3.9658697,0
11.919564,3.4397743,3
9.9853325,-1.4705082,2
12.90852,3.7827008,3
10.872168,4.2037673,3
10.08848,1.193354,6
6.6009135,-0.8630201,0
6.93587,-1.7364227,2
10.884648,7.2269845,3
5.7679453,3.5785553,0
1.07045,-1.8737981,4
1.7183824,-1.2000288,2
7.4329267,0.70390517,3
0.90488267,5.131489,6
12.401098,1.7492524,3
4.9989505,-0.8023642,6
8.715952,-0.7207707,6
1.7367448,8.9737,2
1.2145283,-2.6556928,4
6.839801,-1.1819441,6
6.463168,2.0156991,2
1.9922861,-1.8752661,2
5.692623,3.560266,0
8.092611,-3.1798208,6
11.92718,5.0389028,3
1.4083271,-1.1219594,2
-0.08982907,1.1604882,2
7.958358,-2.9184234,2
10.635102,5.461549,0
9.29545,-1.2599132,6
11.637895,5.410657,3
5.5310597,-1.276011,4
-0.2087196,-1.3047744,0
12.097872,1.8141396,3
7.499732,-2.8421218,6
1.8477159,8.239895,5
5.193287,2.6297266,0
1.4742101,9.560771,5
12.702837,5.6206684,3
4.3937345,2.2655041,4
2.7112682,8.136557,5
5.7869463,2.2210307,1
0.3939144,6.1079645,2
11.189575,0.3804468,3
0.8100852,9.647538,5
6.697989,-0.2720731,5
2.9712226,-1.2633111,6
4.532078,-0.35887682,4
11.972689,6.631625,3
2.2885418,4.0203867,0
2.2430196,-2.3865888,4
0.3305054,0.7311763,6
3.0302718,3.6357806,0
2.3367655,-1.002645,4
10.353462,-0.5833501,6
10.793046,7.427776,3
6.2562175,2.4757752,0
0.38136512,5.552206,2
0.64132553,-2.2894988,4
-0.2136856,8.286026,2
0.45765406,2.0948467,4
3.2070966,4.3202333,2
0.8922454,10.52563,5
8.688665,-1.7078305,6
1.9507359,8.644419,5
1.4711107,-0.07481388,2
0.24823074,8.701125,5
5.1455493,-0.5683511,4
5.7731657,3.0815673,0
0.99476117,9.646034,5
-0.3451019,2.966024,2
3.3574507,3.6674871,5
3.6736784,4.937502,2
4.0124993,3.9013896,0
9.986624,-2.0529747,6
0.92229813,4.2148805,4
10.29411,-1.2619255,1
4.8247423,3.885564,0
8.118951,-1.2128061,6
0.8629445,-2.2190557,4
0.53550553,5.194109,5
0.45481485,0.52913815,4
5.816826,0.29186657,4
5.648331,3.452818,0
11.983148,4.311346,3
5.3450546,0.20075823,6
9.509786,-1.6377583,5
1.8906047,8.21418,5
7.654563,-1.2432822,6
0.5487635,-2.1267369,4
2.1234705,-2.2229567,4
7.903221,-1.740986,6
-1.7325708,4.986129,2
0.03033833,3.42577,2
2.4377797,-2.241404,4
11.921777,4.723096,3
0.02195621,0.8645717,2
0.1404898,6.26496,5
1.3612195,-2.7690787,4
1.062869,8.804908,5
5.488992,2.0141177,0
3.415254,0.8695619,0
7.685205,-1.7247348,4
4.1720114,4.4149942,0
4.5801754,-0.42913988,1
5.2696776,-1.0294553,4
12.832431,2.2011764,3
12.777285,6.932183,3
11.250812,4.4323325,3
13.42646,3.498816,4
5.338274,2.6247487,0
1.2826725,1.9301054,0
4.0461836,0.7961028,4
-0.32519567,1.9400682,4
3.7536786,-2.3085194,4
1.0740575,10.470207,5
13.17516,3.338576,3
4.4522524,4.2721925,0
12.563253,6.5913196,3
5.572002,-1.8891525,6
7.341361,-2.4923892,6
6.8317657,-1.6559387,6
0.02933553,9.313878,5
0.73476046,-2.0452993,4
2.1241627,3.2336624,2
4.57137,3.6503067,0
3.0251813,0.18993011,4
1.2250715,8.489821,5
11.933242,4.8562036,0
0.47931218,9.925366,5
1.3913561,-0.09393335,6
0.81830317,-2.277297,4
0.5577898,2.6332736,2
7.115863,-0.581501,0
-1.5573219,5.18688,0
10.979872,4.8604293,3
5.4987693,-1.003743,6
6.8349924,-2.9150789,6
8.586303,-2.5511317,6
9.783532,-0.5666593,2
12.973413,3.8090727,2
11.1516075,1.6555814,3
1.1937698,10.663614,5
10.735167,4.356356,0
12.744111,3.2917957,3
0.7200329,10.261572,5
1.2326834,-0.7345011,4
2.213616,9.011502,5
0.19487971,4.8857465,5
1.5147327,-2.3583732,4
3.07489,-0.43460828,6
4.828627,1.1280555,4
1.7320391,-0.6034094,4
5.766193,-0.62029165,6
2.3006876,-1.9647214,4
8.925353,-2.16353,6
3.1786802,4.703466,4
3.5302918,-2.422371,4
10.39855,2.6378787,2
-2.4539557,4.9744334,1
11.77829,4.511291,3
1.4839666,-1.31756,4
1.787497,1.0638235,4
10.209899,7.4246707,3
0.8029622,5.1303277,4
8.435114,-2.108514,6
7.3086786,-1.7550107,6
8.591146,-2.303502,4
0.73748213,1.7730169,6
5.3695855,3.040714,0
-0.23718135,8.096725,5
2.9034307,-1.9484465,4
10.737621,5.287453,3
4.638487,-1.9401764,4
11.629016,5.941395,3
0.9691409,9.234845,5
12.496322,5.1882873,3
12.686457,4.8939295,3
12.784507,5.1542177,3
9.153983,-0.87778103,3
7.610106,-1.7915424,6
4.8561764,3.056613,4
5.2230787,0.36692446,0
3.844967,0.7754113,4
4.002718,3.0658758,2
7.5987167,-0.921609,6
10.705815,6.955693,3
13.097566,5.2725487,3
0.32103744,7.892362,2
0.62383246,3.67136,2
5.5061355,1.5430299,0
-0.02703142,3.2024164,2
4.098572,2.9934976,2
1.7090245,-0.6078516,6
2.0645723,-2.076727,4
10.611468,0.24051538,6
8.461862,-2.4935353,6
0.62062323,5.2806997,3
1.1877338,2.3838654,0
2.5071108,-1.944815,2
9.47187,-0.58667195,0
3.0337589,8.430368,5
9.988522,7.198553,5
1.818936,3.4537745,2
3.0717657,4.121504,0
0.92190105,4.101205,2
10.906215,6.6691647,5
12.639977,5.6058464,3
12.59975,4.3481183,3
12.947595,7.12976,3
9.940211,1.1696754,3
3.6134675,4.155301,0
6.4759817,-3.0602612,6
2.3560412,-0.079446204,2
-2.4963465,5.0529046,0
6.60525,0.78963876,6
0.6904518,-1.2679756,4
7.3455024,-1.045585,2
0.61181813,0.5191625,4
1.1037259,8.490311,5
2.0273888,7.834164,5
4.112274,0.7104631,4
0.76655525,-0.9826061,4
5.7946134,0.87619287,6
12.309171,1.1369307,3
10.09206,7.3522153,3
12.881292,4.1725044,3
2.507717,3.844599,2
12.492922,1.555269,3
5.125987,-2.52427,6
-0.07354229,0.8881256,2
3.6616476,-1.7563839,6
0.7912708,-2.3992958,4
6.323758,-0.98412615,6
0.93909603,-0.42165375,2
5.620061,0.7839737,0
12.951744,5.8052006,3
11.360347,4.425792,3
0.5828519,6.7984347,2
5.050657,3.1091378,4
6.3353877,0.6459002,6
0.7595585,1.4921391,2
1.6963385,-0.31650922,2
7.198108,-2.9685571,6
-0.032910135,-0.96662575,4
3.051895,-1.6167803,2
1.392938,7.4131823,3
4.1111135,3.752695,2
5.106252,1.8564587,0
11.680524,0.33277413,2
6.239598,-2.5062196,6
12.579455,1.6463988,3
4.0792394,1.4536288,2
11.377795,3.1817777,3
6.7587295,0.29715708,6
4.4144897,4.191917,2
12.351727,1.1686152,3
1.2022516,-2.5769312,4
8.314457,-2.4910808,6
5.8988543,2.4670424,0
0.3264262,2.480619,2
-2.0872254,5.1473246,1
0.20371562,2.439264,2
1.4208683,-2.352302,0
0.42660192,0.8765576,2
1.0303142,0.5692662,2
1.8156247,0.99059504,4
7.4878745,-2.1789083,2
1.1218094,7.7640195,5
4.105081,4.828527,3
11.584553,5.479676,3
10.304816,4.056199,3
0.3707383,-1.7768736,4
11.497256,6.368593,3
11.728475,6.062258,3
5.510953,3.9661465,0
0.6415563,8.397301,5
11.41433,1.6267583,3
3.3974683,-1.951813,4
5.8350425,-0.8008605,6
12.933164,2.456635,3
5.7552533,0.3333369,6
11.180049,1.7533914,2
5.813716,0.39881873,6
10.239937,3.8133962,4
2.5631776,-2.1981943,4
3.1604905,-0.83263576,4
7.61532,-1.9765451,6
12.377926,3.4083607,3
5.8031354,-2.2809265,6
2.4855204,-1.1003915,4
-0.2796916,2.317589,2
1.2839909,10.076216,5
11.806876,5.5744753,3
1.2137045,-1.9135871,4
10.110973,3.9363859,3
11.329985,4.2020283,3
1.3630096,-1.352185,1
12.128167,3.3574305,3
11.309016,4.3700657,3
2.8693132,8.2294655,5
11.796834,2.2703078,3
11.666546,0.83311605,3
8.665254,-2.110816,6
12.60532,2.476949,6
12.948457,2.401133,3
-2.3567667,5.099149,2
12.567605,2.3636003,3
2.3835657,-2.0222766,4
4.802715,0.5349022,4
4.717046,0.18476816,4
13.013865,2.245488,3
5.843795,-0.33679652,4
2.7406485,-2.693157,2
3.6492853,0.15952343,0
-0.15581284,-1.8955342,4
8.228223,-3.3089807,6
4.150231,3.5388594,0
13.10963,2.5946012,3
11.930699,5.385228,3
0.687322,8.429055,5
-0.25354978,-1.892835,4
4.4527326,1.4336618,2
9.083572,-1.0262396,6
1.4889432,4.7808514,2
0.89103526,10.070464,5
1.7696145,8.270322,5
2.0769572,8.530877,5
4.2284656,4.064803,0
13.07331,4.0965905,3
13.224664,3.3178391,3
13.156917,3.5445023,3
8.913357,-2.722602,5
-0.03265201,-1.4575814,4
7.812736,-1.8485636,6
10.956514,7.389755,3
5.6485934,2.4200544,0
10.065818,-2.0970044,3
7.5592875,-3.3520963,6
4.4190106,4.962771,0
12.252567,2.6546185,3
0.2925548,2.8743691,2
1.1168355,0.2305971,2
-2.2469754,5.236598,1
3.981167,3.7244349,0
1.4991422,-2.485006,4
6.232411,2.0184457,0
3.51999,3.781117,0
-0.24342075,-1.5873133,4
7.7694535,-3.2146506,6
1.9981885,7.008337,3
8.308686,-0.2095199,6
1.5887626,9.033993,5
4.7823095,-0.49122518,5
6.7667007,-2.204706,4
10.468864,6.3713217,3
4.0672183,1.179673,2
12.83371,3.543998,3
0.5803927,6.838279,5
4.6767607,4.597679,0
12.870184,3.0706973,3
3.3032172,-0.73627293,4
0.9656819,8.626045,5
11.834642,5.5550156,3
6.6015716,-0.68188953,4
2.007414,3.238698,3
12.869836,4.3771744,3
5.6894946,1.7657137,0
2.094094,1.7766758,2
10.149166,-2.0895975,6
9.073528,0.38050112,6
10.899102,6.745325,3
9.345571,-0.6878232,3
1.9553324,4.764238,3
-0.05188624,8.153668,5
0.24200587,1.8954476,2
12.576344,4.3275027,3
4.4410715,0.53337145,6
0.43924975,9.922745,5
3.6694508,3.965956,0
1.4183764,8.077628,0
4.6801324,-0.0217271,4
8.841345,-0.9013783,6
2.1132522,-2.2644284,4
-1.6650801,5.4076285,0
12.253595,4.979037,3
8.785582,-0.8630081,6
4.3289146,-1.1225152,4
8.872995,-2.269586,6
6.895083,-1.3355708,0
6.1549363,-0.9562457,4
6.353351,2.726297,0
1.6419308,8.642281,5
1.2811587,7.4177475,5
10.326515,7.6099052,3
10.947147,3.6695714,0
11.597653,6.037607,3
4.3511977,4.196287,0
1.9031092,2.2208402,2
11.205567,1.4081068,2
6.360942,0.37000293,2
6.912099,-1.9790547,6
4.0349774,0.15268622,4
0.61740977,9.94088,5
0.3933602,1.752341,4
5.5219264,3.1377487,4
9.92577,-1.7456392,6
5.209876,2.6512487,0
1.6601478,0.9411834,2
1.0098033,-0.3336905,2
12.426609,1.9127151,3
0.6992829,8.5934515,5
1.9297029,4.347575,2
2.2861714,-2.8218074,5
2.6667504,-3.012604,6
0.3191644,8.7435665,5
3.982215,4.255765,2
0.58325374,-1.5035622,2
12.208579,6.01297,3
9.678873,-0.6907953,6
3.2008379,-1.6598744,6
5.210464,0.20891482,2
5.23771,-1.0259776,6
2.345362,8.232386,3
12.457049,1.464488,3
1.9955684,8.059068,5
2.8255022,-1.9071192,4
12.770459,3.4073043,3
1.5370307,0.1118308,2
6.5680428,0.08132131,4
4.8882823,3.182895,0
8.971818,-1.9695969,6
11.397023,6.88684,3
1.4493475,9.348142,5
10.129583,7.213224,3
-0.21373211,2.1899614,2
12.147071,5.361558,3
1.4594911,-0.14395387,2
0.54135567,8.725382,5
9.945469,3.9710681,3
1.5391108,-2.3999104,2
1.6630849,3.3860927,2
3.8093395,-1.5362401,6
-0.21801598,1.4896231,4
13.015494,3.5102847,6
9.127978,-1.7861865,6
11.018715,5.637181,3
1.0882773,-2.000543,2
12.489769,4.5953145,3
0.38442877,9.945827,5
6.4004936,0.1111868,6
-0.09857361,3.9934494,4
3.3306856,4.7230253,2
5.3050237,0.12796831,2
8.9166765,-0.850564,2
11.806051,3.266368,3
1.3400722,10.20489,5
6.919462,0.4749143,6
5.0869837,1.3397272,0
12.8400345,5.274407,3
3.1331475,4.7656755,0
11.90192,6.626438,3
3.3280916,4.427645,0
9.655329,-0.80138373,3
1.5504714,-0.85488254,2
1.0118816,-0.77387345,4
2.7977502,-2.0480566,4
10.426634,0.9536763,3
8.552544,-2.530203,6
9.938486,-0.26000404,3
7.1897135,-3.0880034,4
2.6844726,-3.2702312,4
7.4845643,-1.6198934,6
7.6714773,-3.1618242,6
2.2662997,7.46793,3
11.470725,4.7090154,3
6.2139435,0.3002785,0
7.8494983,-0.5939613,6
1.6513382,-2.808917,4
5.2838593,3.0042334,0
3.0213327,3.7033615,1
0.2626926,5.553744,5
8.204809,-2.4760327,6
2.501694,8.185965,5
0.33914572,9.151294,5
5.6734657,-2.090268,4
0.12545408,9.308183,5
13.05137,2.1435096,3
10.872914,6.4441113,3
3.3072374,-0.5110915,4
11.600366,4.745045,3
3.660597,3.8927748,0
5.2417502,2.4745274,0
4.971224,-1.2778008,4
10.717549,7.5199175,3
0.7861989,3.518739,2
12.668921,2.3662417,3
6.7998924,-2.4296029,6
8.218414,-2.9542801,6
6.886753,0.0012132908,4
6.322374,1.5424927,0
1.2657969,-0.57328135,4
3.5079095,-1.5512089,4
10.610631,3.5228999,3
12.551331,5.582131,3
4.1853647,4.372103,0
4.4307904,4.73824,0
6.0054955,-0.78646624,6
12.038176,3.2169132,3
5.2430067,3.1879618,0
12.587932,2.984007,3
4.87071,1.7485701,4
0.12183002,2.0570726,2
1.1529057,8.798379,5
6.8509994,-2.0921285,4
2.191556,-1.3345729,4
11.970849,3.5149627,3
9.970845,0.9653404,3
1.0097605,4.480911,5
-0.12039628,1.519988,2
13.149404,3.1581736,3
11.854546,5.6848364,3
11.101188,5.185428,3
4.813464,3.5551429,2
12.170848,5.9744873,3
9.441209,-1.3790072,6
0.9380944,8.003491,5
3.790699,-1.3230169,4
4.956875,1.77335,3
2.9486833,-1.3760941,4
1.1158149,-1.595718,4
5.693608,1.9968905,0
11.517059,4.3093085,3
5.2788095,1.3627322,0
0.91725993,9.135449,5
12.598478,5.1714153,3
8.847793,0.28539106,6
1.2298979,9.41948,5
6.2910767,1.8794048,0
5.356427,-0.6121975,6
13.076185,5.307461,3
5.5248947,-0.08981453,6
0.30891684,1.8636229,2
0.38684544,3.932016,2
11.519476,1.7697412,0
10.679433,7.573511,3
4.8683643,-2.1111233,4
3.6971507,-2.5503998,6
11.3926,1.3728814,6
3.1886244,-1.622479,6
11.168036,6.799729,3
2.0356596,2.7796457,2
4.0894246,-0.58136576,4
5.7304826,3.3314831,0
5.002037,0.88329196,4
11.236629,1.4740723,0
0.35451823,1.4120657,2
-2.2694569,4.937762,0
-0.30267003,1.8013562,2
7.662305,-3.030967,6
10.7622795,4.117374,3
0.747834,-1.3669273,4
11.622595,3.9091508,3
12.683314,3.6673012,3
2.057055,-2.5079277,4
5.7165985,-1.1177479,6
0.22814916,9.839966,5
9.092756,-0.8140871,6
-0.060694404,7.641672,6
1.2369515,1.563393,2
1.8166394,-3.3385856,6
2.857115,-2.3818233,4
3.7092311,5.2012005,2
5.459823,-2.4337463,6
6.595141,-1.673523,4
0.5818933,9.378684,5
6.6572566,0.43915537,0
0.9388638,10.111632,5
13.180706,4.4005647,3
4.475727,-0.42667565,4
9.81106,-0.6159593,6
10.064045,-0.43580583,3
8.569331,-1.9063073,6
10.685163,0.38174298,6
10.95132,1.4256396,6
4.041947,-1.6342968,4
12.468372,1.6467162,3
4.5100827,2.2506802,0
3.2405066,3.1904073,0
2.4090407,-1.4689922,6
11.788696,0.75701106,3
7.2850704,-1.9618397,2
6.2873197,-0.36893365,6
12.7379465,4.0009646,3
10.442004,-0.86220574,6
6.4984283,1.4921128,0
0.5580688,9.279053,5
0.107506014,7.496951,5
11.021357,3.2042315,3
0.13618144,4.151444,2
0.45664445,8.222279,5
8.8828335,-2.456409,6
1.248253,10.755431,5
5.2131104,2.029355,2
7.3862414,-2.5821145,6
-0.084225364,3.7408195,2
0.08731073,2.7618809,2
3.0372863,4.965313,2
0.32640117,1.2778524,0
6.168977,2.0708623,4
0.8390579,9.490149,5
4.1931696,4.3383384,0
11.219742,6.342598,3
0.54360926,1.4017076,2
5.793735,2.7754567,0
10.267311,-1.3058777,2
0.79776794,10.284799,5
4.375366,1.9181426,4
12.587202,5.542564,3
1.6814734,-2.5963647,4
13.040501,3.962985,3
5.40903,2.9135015,0
2.037974,1.9385926,0
0.6286386,0.05652314,4
10.892816,6.1191845,3
9.987627,-1.210584,6
12.873102,4.0557084,3
13.550021,2.947942,3
13.214739,4.794271,3
6.8495064,-1.9468657,6
12.20876,4.782573,3
12.944047,4.349647,3
9.516299,-0.9061161,6
3.3335624,-0.94592553,4
8.062358,-2.0719688,3
12.369277,4.693878,3
11.155658,6.5414033,3
0.9249724,8.875546,5
8.5742235,-0.17677832,6
5.819324,-1.1305279,6
11.36454,6.213562,3
0.47842583,8.07356,5
11.75269,3.1840684,1
9.745151,4.703007,3
4.2518196,0.47626197,2
12.406025,2.1097167,3
7.009328,-3.1611898,6
0.9082352,-1.4221153,4
13.655397,3.7003934,3
2.8922946,4.1507235,0
4.637365,-1.9800143,6
6.866009,-2.6795216,6
3.949203,-0.022320114,4
0.9569003,-1.1399258,2
9.93181,-2.141611,6
3.6492364,3.5809984,2
10.846005,6.7207866,3
5.7740116,-0.14253415,0
1.232129,3.0835423,2
2.9596648,-2.0938053,4
11.846457,2.8250954,3
8.403521,-0.56044334,0
0.8189259,8.042078,4
1.9778332,-2.5300431,4
11.482168,4.6333413,3
0.14225958,6.479256,5
3.66348,-2.1619303,4
1.5843376,-3.2248082,4
0.97872347,1.9461006,5
4.2750793,0.6119627,2
5.184807,2.6602843,1
0.53228515,9.926323,5
12.460003,2.7787135,3
4.036756,-2.3390787,4
0.81962574,1.3588622,2
0.3232486,1.0106652,6
12.303956,5.470493,3
9.985018,-1.5658162,6
4.996916,4.5778995,6
3.3608196,-0.0015980327,4
-0.3478923,2.8920243,2
0.006316862,9.273767,5
5.309832,2.765477,0
6.277888,-2.2335172,4
12.810162,4.7441354,3
2.724826,4.3456974,2
6.552104,-1.3474898,6
11.114711,3.1216223,3
4.3424287,0.7589087,6
9.53072,-1.745708,6
7.1382184,-2.9432516,6
4.223114,-0.75045925,4
11.173883,2.3607783,3
10.575558,6.003655,3
4.701735,0.4178434,0
12.7703705,2.0618825,3
1.3953911,-0.76409537,6
10.818756,3.725916,3
8.30464,-1.0254023,6
-0.3387224,8.159081,4
5.5048113,2.689523,0
11.076885,4.8984365,3
0.13392365,4.77105,5
2.027626,7.548846,5
11.989195,1.7224195,3
12.31583,1.2616693,3
7.911372,-2.5529096,5
12.777821,5.8738675,3
2.4512768,-1.8678381,4
10.795017,1.0579867,3
0.21659602,-2.1937947,4
11.908856,6.32964,3
2.0207345,-1.0253103,4
1.2348268,10.402642,5
12.103413,4.0878363,3
13.347457,4.06381,3
12.780561,3.6991014,3
13.506038,3.3540957,3
9.707472,1.0232695,6
0.0950205,8.117148,5
-0.079687424,2.47323,2
2.1516044,7.496381,5
11.3521595,3.75723,3
4.5854673,4.4335184,0
8.2590275,-0.28814173,6
1.4849728,1.1917906,2
8.262366,-0.5254898,6
6.837095,0.5148314,6
11.1375475,0.37245673,6
8.818699,-2.3442166,6
11.2101,6.645352,3
10.800212,7.088688,5
8.0839815,-3.2185557,6
2.1759777,8.167335,5
1.7422503,3.2081301,2
3.7454,-2.034706,2
0.43781638,1.051764,2
4.6648912,-1.2038883,4
0.84465736,6.894346,5
7.6219296,-3.122572,6
4.6554513,-0.14882441,4
-0.22349805,7.9890604,6
1.1480423,2.4099696,0
5.3127007,-0.7052105,4
4.803699,1.095489,4
11.676415,5.7069626,3
12.033761,6.903682,3
8.554241,-2.2207446,6
3.3156652,0.38306597,4
5.1058702,-0.63523775,6
12.873469,7.272349,3
0.2008446,3.7192044,2
1.6701092,8.912116,5
2.220833,-0.9629772,4
0.73886675,8.858215,5
0.39999154,4.2517877,4
3.8704736,4.8360853,0
12.246147,3.758358,3
5.8447413,0.92261285,6
4.872911,3.5413332,0
4.782873,-2.1593566,4
0.47286916,6.191126,2
4.203566,0.95467085,4
8.442244,-2.928574,6
4.122543,3.74265,0
10.548912,4.274256,3
0.44330308,3.5342927,2
9.461476,-2.1597733,6
0.3952977,5.9019556,2
5.703965,1.7572747,2
12.768876,3.259418,3
1.7435912,4.2410097,2
1.8120708,8.497582,5
0.33775944,3.5155756,2
13.594694,4.027519,3
6.893525,-0.38076025,0
6.0744033,-1.1184139,2
12.347317,5.9324274,3
13.062117,5.2052016,3
0.91251695,-0.21252742,2
0.658977,6.499706,4
6.66698,2.8471663,1
1.7792537,-0.3959991,2
3.4743404,-2.6901786,4
7.616102,-1.2675043,6
12.737875,2.9612901,3
5.5570197,-1.8454872,6
6.0586786,-0.17431667,6
5.1744633,3.1908512,0
4.0717287,0.59627795,0
13.108903,2.3518734,3
4.6273885,1.7923335,0
10.171792,4.223096,3
11.715445,4.643042,3
12.115716,3.4892318,3
8.436147,-0.073950626,6
11.083223,6.2595544,3
4.554686,4.047948,0
4.524619,-1.9033874,6
2.1643877,-3.414721,4
8.623486,-1.9398066,6
1.5205932,3.1420164,4
0.6658319,-0.092803374,0
2.6619434,-2.0091858,4
8.419312,-1.2705977,6
3.3856382,-0.5465664,3
4.744505,-2.169801,4
5.744782,-0.4975807,6
1.9469919,3.1320827,2
1.3557197,7.339246,3
8.367852,-2.5239756,6
0.38690788,8.776808,5
7.6771865,-2.9277525,6
12.12023,4.732329,3
5.9032083,3.6800797,0
12.883127,5.182745,3
8.071273,-3.1617,6
12.451618,4.6364603,3
4.6200714,2.0720687,4
7.0454745,-2.6371005,0
11.386675,1.1491407,3
2.3661742,-2.013467,4
2.5185528,5.549904,5
9.910708,-0.52102274,6
8.384433,-1.3016653,6
4.9579296,2.6920078,2
11.082799,4.0142436,3
1.505168,-1.4009202,4
1.3133935,4.7573814,3
0.99264884,8.165452,5
7.692639,-0.65719754,6
6.2333865,2.3336573,0
2.0569508,10.320871,5
1.3030326,-0.78940916,6
5.2868814,2.614288,0
0.031821217,1.3503281,2
11.560334,4.932056,3
2.4195688,-2.99023,4
0.99256504,-0.62271225,0
3.4419544,-0.72022754,4
6.923358,-2.003003,6
1.7568401,8.172313,5
10.150576,-2.0453033,6
0.72817206,6.281957,4
6.6376634,-1.1651518,2
0.7474856,6.3344164,2
3.3775086,4.336837,0
0.9789318,4.011295,2
11.497608,0.7658488,6
6.4537725,1.2565693,0
0.64678603,3.3656425,2
2.7958882,8.403943,5
9.603479,-0.5466547,4
11.88387,6.4197702,2
2.1191864,2.8113096,0
3.814809,0.14861177,4
6.6520014,2.6249819,0
11.473511,5.892897,3
11.387957,5.07846,3
12.028027,3.15628,3
2.2477643,-2.214491,4
11.8569565,4.058353,3
-0.44505742,2.3411756,2
10.994511,5.301559,3
5.6393695,-0.90730816,2
2.055426,7.4959216,5
11.446783,6.9176664,3
12.758361,2.6802847,3
8.205171,-0.32250276,6
2.700612,5.2066965,0
9.895357,3.9612591,3
13.2797575,2.7816734,3
13.109763,4.022826,3
0.9650232,-1.6869742,4
4.427688,-2.107559,6
5.738044,-0.77786535,6
-1.5506216,5.1597443,1
11.312164,2.3251872,3
-0.16756892,1.0080727,2
5.1475897,4.6113443,3
12.340478,2.4417374,3
2.7675703,-1.8097705,6
6.335821,0.15325193,6
9.235637,-0.5685666,6
0.88305026,9.125699,5
3.66148,-0.51327664,2
-0.039501972,1.2107276,2
0.9882086,-0.62478566,4
12.662138,4.0503917,3
1.1125972,4.5327663,2
12.19899,4.329512,3
5.1083717,-2.3862445,6
11.438681,2.6358004,4
1.8863935,-1.3003038,4
2.138404,3.485977,6
4.844092,-2.0846868,6
6.9808884,0.513371,6
12.497505,2.9775846,5
-2.0611765,5.4405093,1
11.83866,1.832641,6
4.6582623,-1.0813321,6
12.208798,4.1172347,3
8.192499,-1.8229308,6
9.498969,-1.3936441,6
1.826838,4.1950264,2
9.584023,-0.15532263,6
4.028357,1.021434,4
1.4924939,-1.2508669,4
6.745097,-2.6871376,6
4.66329,4.021787,3
6.72687,0.55136865,2
9.670546,4.6079397,0
0.31604007,-2.279935,4
6.006851,2.2927341,0
6.8018513,-2.9556618,6
8.947508,-2.9172437,6
1.1736197,8.4033165,5
1.2651632,9.167252,5
1.6276566,-1.2905822,4
0.5612689,9.344888,5
8.908935,-1.4563438,3
11.998425,3.9366713,3
0.7337436,8.7453375,5
4.7853885,4.2621555,0
7.0080857,-1.747555,6
1.4479941,10.112544,2
2.080339,3.1501067,6
4.1017127,-1.5519674,0
4.096985,3.8747602,0
11.618614,7.2048297,3
10.522397,-0.54064006,3
1.4559914,-2.192633,4
13.015289,3.5962996,3
1.4509101,-0.38375595,4
-2.3793907,4.93019,1
12.139759,5.4995046,3
11.75847,6.738224,3
5.7490625,4.1005473,6
6.480894,1.0732985,3
5.71441,-0.660502,4
4.8919764,1.2578585,4
1.0744509,7.82978,5
8.739456,-2.0098703,0
12.123548,5.8888755,3
5.0570645,2.4299412,0
12.943007,2.3927214,3
12.624904,5.7139797,3
1.3448622,-2.4629488,4
3.8892848,-2.0491636,6
3.394675,4.107846,0
7.4280424,-2.765713,4
7.925131,0.51594144,6
1.612702,10.510647,5
11.710672,6.8622026,3
12.046533,5.11974,3
8.080319,-1.0776346,6
0.22033378,8.021868,5
-2.2130253,5.203946,1
1.7863221,-0.7814919,6
2.526802,3.7749784,0
3.7016406,4.9219055,3
1.7266847,-2.4387708,4
4.1754436,-0.9169945,4
2.2837083,-1.08136,4
2.467817,-2.3658667,4
12.25366,1.4701679,3
12.838082,2.3636196,3
5.493307,1.7875549,4
0.59200865,-2.1377416,4
3.4572797,-0.7192322,4
10.176806,-2.1205287,6
5.5494375,2.340881,4
13.571508,3.2631004,3
6.1552677,-2.3793902,4
3.4879963,4.492592,0
5.3204536,2.1249876,0
5.3776174,3.662706,0
0.2734734,9.824795,5
11.821716,6.482862,3
6.9645257,-2.2268362,6
0.8220412,10.431871,5
12.728227,3.206799,3
0.118702546,8.187943,5
5.857406,-2.5300417,6
1.4440069,-1.2046734,4
-0.035600338,0.948288,0
6.576313,-2.9036047,6
5.070773,1.4914662,0
2.0036235,4.7262836,2
6.4115143,2.5730863,0
0.6532679,9.794396,5
1.6764714,3.1810434,4
12.542913,4.540306,3
0.018954698,1.00969,2
1.046879,2.0688179,2
1.9134475,-3.3652663,4
5.0538754,2.7035434,2
5.0152264,1.7207584,2
0.7684156,1.9786506,4
4.3805537,1.6542715,0
12.588084,2.6841788,3
6.682498,-2.2040687,6
1.76164,-0.22407703,4
4.662728,-0.38528535,6
3.6339524,-2.6475625,2
2.354849,8.244342,3
12.006444,6.939777,3
12.876786,3.1946406,3
4.852147,3.4444106,0
0.5584961,0.25705487,2
11.95091,2.66282,6
0.10847285,2.3972905,2
13.258139,4.9018865,6
10.794448,4.471364,0
7.980837,-3.0196424,6
6.1638474,2.203875,0
5.0379033,4.1064625,4
1.0554545,2.4088943,6
0.9858804,10.2656355,5
7.35979,-0.92696404,0
0.03591023,3.094726,2
1.48334,2.3193386,2
0.48935357,5.6593204,0
12.20243,5.062499,3
0.9538093,8.751565,5
11.761123,3.3221576,3
5.158427,3.9551857,0
12.72999,2.3350902,3
-1.7434008,5.265122,1
11.262031,6.7591195,3
4.500491,2.678104,2
2.4660542,8.816902,5
4.497791,-0.35694483,0
3.763026,0.107389994,4
4.8434215,-1.1445996,4
5.1603675,3.8388953,0
0.43981412,10.058258,5
4.912262,3.3294387,0
5.49573,3.1089723,0
10.325853,-0.6173612,6
5.3255353,-1.326707,4
11.453187,1.5202575,6
0.23765437,9.455019,5
0.588734,6.609736,0
5.3666058,-0.4504734,6
11.611175,0.8511968,3
12.874413,4.9015484,3
1.702798,8.580146,5
2.017961,-0.83824795,4
1.0771146,9.266052,5
10.5894,6.9810038,3
6.864128,-0.71354634,6
1.4096878,-1.9037639,4
1.3719059,2.595515,2
6.1188006,-0.57317317,4
2.8961089,4.165096,0
7.096511,-3.1190119,6
0.54060614,7.483207,6
2.6919796,-2.527693,4
2.0315878,-2.3471894,6
13.222754,2.941746,3
5.211389,3.1210463,2
10.678037,5.641585,3
7.2349577,-2.4200492,6
3.2947361,3.8518832,0
11.36582,1.4527515,3
1.6509285,10.549354,5
5.3550954,0.008577257,2
7.768502,-3.107876,6
7.337997,-3.1757238,4
7.021268,-2.2812657,4
9.049858,-0.6122384,3
2.6023238,-1.9482965,6
0.7227968,-2.3203547,0
3.1718915,4.2399225,0
4.1032095,-1.4651824,6
9.254176,-0.6297997,6
4.544819,4.088377,0
3.4918666,-1.6907169,2
-2.111497,5.6027765,1
9.150367,-2.4366322,6
2.4358754,-2.1898828,4
6.5046353,-1.866987,6
10.093588,-0.4856033,3
5.1202974,1.5930821,2
2.9604774,-2.5675132,2
1.2999742,0.26986137,4
-2.287264,4.9992166,2
10.434457,-0.22748324,6
10.663976,6.880605,3
8.493728,-2.6384661,6
0.18087153,1.5977194,2
5.5892987,1.7801079,0
-0.30247697,2.1786163,2
0.27424,1.6891979,4
11.625639,0.7491288,6
0.05486601,8.465483,5
-0.20196134,8.304135,5
10.7969885,6.6600866,3
2.3983483,-2.989137,2
11.710899,5.266477,3
6.773666,0.6212501,3
1.0928994,9.751866,5
0.7026508,9.074633,5
0.45162097,-1.5109338,4
5.798255,-2.5796838,4
11.775591,1.7002084,3
0.65867054,2.6405895,2
0.08278454,2.9151125,2
2.1309576,4.464244,3
7.9094095,-3.2257864,6
12.505446,2.2751834,3
2.105656,-1.2289299,6
3.5749793,4.968544,0
12.118513,4.6790423,3
0.4936024,8.776309,5
13.13082,3.2544074,3
1.6018511,-2.6096523,4
6.412176,3.3271744,0
1.5243261,10.742222,5
1.3494108,8.635282,5
1.6787869,3.3649337,0
7.98561,-0.9100266,0
0.1593896,4.1485944,2
0.14801201,-2.0875247,4
0.12965262,7.8657494,5
1.4092208,10.66594,5
1.5442235,8.853047,5
0.06918661,3.9511395,0
5.0831256,1.2161666,6
6.5280943,2.5924656,1
0.3534821,-1.7617464,4
11.521053,3.6846533,3
10.416274,6.8835735,3
5.2390094,3.337228,0
0.09439125,2.60227,2
4.038415,-2.0473926,4
12.804168,2.413515,3
5.986007,-1.0024205,0
10.3483925,0.1305294,3
1.5355934,-2.005798,4
1.125541,10.266598,5
8.996196,-2.5067813,6
8.167399,-3.018833,6
6.2572594,-1.2404369,6
7.7128057,-3.3353455,6
2.923347,-3.2523754,4
7.9933043,-1.669906,6
4.1721816,4.687773,0
0.17537193,8.134704,5
-0.33095437,-1.9227012,2
6.788555,-2.3698738,6
0.6275027,8.261977,5
7.617749,-2.704956,6
0.8886711,9.322442,5
8.90472,0.36347347,3
1.9357932,3.422569,0
1.0279105,9.326603,5
-0.036818493,0.5739721,2
0.91885203,9.666661,5
2.0472326,-2.173361,0
0.19509384,2.19564,4
1.3284847,-2.2929058,4
0.61669505,0.99513596,4
11.307067,5.959791,3
12.77751,4.330046,3
10.827492,5.465714,3
6.529532,-2.229904,2
-1.8774322,5.2138524,1
1.208938,9.4888315,5
-0.024257783,1.7155507,2
-0.09892995,1.0392435,6
7.6455903,-0.82065994,6
0.44752863,9.739167,5
4.6914263,-0.5560297,4
11.053782,6.8587985,3
8.95459,-1.6226953,6
0.010963322,9.244718,5
6.0365663,0.98499006,0
2.1228833,-1.9903623,4
12.888855,4.0076756,3
12.712626,2.9563758,3
6.678102,-1.8582116,4
8.379506,-3.1601923,4
4.3240185,0.5079523,4
10.403922,5.15786,4
1.8550379,-0.44569385,2
0.20986985,10.258365,5
1.283144,-2.13582,4
2.5519567,-2.2077107,2
10.97836,0.086492494,3
8.76584,-0.11331162,6
12.487272,6.9252176,3
11.321326,4.058269,3
2.5301085,-3.2599075,4
7.671953,-2.275162,6
10.765655,5.955317,3
12.369025,5.0976944,3
0.83775103,9.115152,5
6.6972218,-2.4219396,3
1.4676158,-0.4709176,4
12.765459,4.837457,3
6.5774655,2.1457186,0
2.2432094,-2.082074,4
13.143723,4.4904284,3
11.377908,0.35597038,3
9.8548765,-0.19660069,6
11.4187155,3.0774143,3
11.292044,5.8204985,3
0.679378,-1.2750399,2
0.9880865,9.411634,5
12.645848,3.514027,3
13.611085,3.6646795,3
9.019462,-1.4897879,6
1.8312986,-0.42503884,0
8.697171,-1.854821,6
6.4234037,0.27962714,2
12.967583,5.3351674,3
11.0648155,2.4527693,3
3.8687136,4.278059,0
2.4368954,-1.5617545,4
11.647214,1.5898068,6
11.733852,5.767572,3
5.345598,1.1604759,0
0.36481366,1.034568,2
4.826475,4.171494,0
12.78597,5.0682263,3
0.6968794,-1.7271272,3
1.2703248,1.4105108,2
10.53174,7.5039444,3
3.7418227,-2.2248905,4
2.6314886,-0.9495352,4
9.682907,-1.3878767,6
11.00009,4.4321103,3
9.829112,-1.5179213,4
0.13342287,0.59921545,2
7.1372614,-3.019275,6
9.01095,-1.4548209,6
6.0612216,2.9246562,0
11.253797,3.560004,3
2.1893437,1.9019393,4
2.6853168,-2.2868156,4
4.599225,0.49971914,6
0.3190807,9.578616,5
5.0693445,-1.4191295,4
1.7831768,8.682088,2
8.939119,-2.483606,6
12.139135,1.5150619,6
-2.1054451,5.5039296,1
10.942724,3.4063919,3
1.6339035,4.0076957,2
7.2489853,-2.210496,6
0.0917328,3.0050652,2
9.878889,-0.5139631,3
0.83782977,9.668011,5
0.95966244,9.585697,5
3.754304,3.7253416,2
3.2079139,-2.8282382,3
-0.18061385,2.6772273,2
11.434808,6.218869,3
0.86499035,2.7554147,4
0.74685365,2.0168169,2
0.5337392,1.5000905,2
11.951125,1.2255639,3
4.884523,3.6441803,2
8.154323,-0.00032026722,6
11.523227,6.870768,3
11.313879,6.710867,3
4.2936053,4.2188845,5
0.96565866,2.1805878,4
10.584502,5.2986126,3
6.195404,1.5776418,0
1.8768373,-2.0204532,4
6.766452,-1.7184145,2
2.004037,3.246037,0
5.383565,-0.9730952,0
1.4901787,3.3392243,2
-0.08645333,2.5866132,2
12.440732,3.4516385,3
3.9193153,3.1358905,4
0.48103943,9.254987,5
2.6780539,-2.4457402,4
0.45982438,0.54367495,2
1.8317345,0.1466353,2
12.726471,5.423275,3
2.2205293,0.025168957,0
9.150453,0.39268088,4
0.50467896,5.4131536,2
5.9875135,1.9731388,0
11.743217,4.6981826,3
-2.1245074,5.546073,1
8.03886,-0.63354033,6
4.5825644,-1.8391176,4
0.40538725,1.3249375,4
3.4340525,-2.2881196,6
2.96841,-2.156607,6
3.788459,-2.214625,4
11.769333,4.16099,3
0.5102824,10.09166,5
1.9121305,4.4137425,2
11.428703,4.6521716,3
10.603571,5.7714763,3
-1.9589717,5.610968,1
3.1298513,4.837403,2
7.2279015,0.27848977,6
0.6489451,0.39774317,4
10.368139,7.6045623,3
1.4919286,8.321123,5
13.013686,4.075804,3
12.734547,4.1810484,3
-1.9436783,5.0096936,1
7.8893695,-2.2682798,6
4.9678125,4.219717,0
6.844682,-2.3966105,4
4.247533,-1.0086315,4
1.4123507,-0.8950975,6
1.1862662,9.140896,5
6.0789285,0.49960002,6
4.7355556,-1.5934339,4
0.14712796,9.752756,5
4.4726186,3.2537236,4
1.3772298,10.207464,5
10.456787,-0.32749847,3
3.9307168,4.683791,6
12.9274025,4.189155,3
13.344886,3.509623,3
4.575519,4.084655,0
8.942689,-1.8957719,2
1.3353546,1.6641105,2
1.556075,-2.6263313,4
11.609874,6.9314346,3
12.876993,3.3835068,3
3.3464375,4.6781015,2
12.232023,4.1181717,3
12.629496,6.257972,3
1.5331726,-0.92762095,2
10.480159,7.484341,3
3.3711464,8.475647,3
7.577855,-2.4211426,6
2.4835446,-1.5519437,4
2.4980643,8.649058,5
12.285833,3.8469865,3
0.45652944,5.0855255,2
11.379694,5.70271,3
4.1883755,3.3267498,0
0.50379026,-2.0597997,4
1.8126938,-1.0422448,4
2.5439453,-2.4219496,4
2.548635,0.30048007,6
12.652403,3.2751887,3
0.44166535,9.148705,5
12.725765,5.1021924,3
11.638896,7.3610163,3
12.535631,2.4090612,3
11.579676,5.2070026,3
12.902151,5.541447,3
12.651728,4.9048853,3
-2.2738583,5.2611203,1
-0.2409273,2.2473423,2
12.12999,4.494876,3
4.7173657,4.2089653,0
5.2467895,4.7483273,3
7.8148956,-3.1098378,4
4.4071674,4.1960564,0
10.911683,7.095048,3
9.998467,7.396373,3
12.504831,4.4902253,3
5.2484465,-1.2704422,4
2.2736213,-3.0721445,4
1.8513907,-0.8483276,2
6.299562,-2.4070673,6
11.931934,4.3912225,3
8.238899,-1.7868792,6
8.30896,-3.2118251,6
4.458766,3.981699,0
3.5780904,4.219929,4
4.714225,1.6526538,0
12.575033,6.7350636,3
11.807025,5.4432645,3
7.1286964,-2.3703704,6
12.2347,3.4352734,3
5.694187,0.32797778,0
5.961483,1.5434808,4
12.479702,2.4999473,3
12.646064,4.181915,3
8.202182,-2.2771978,3
0.71752614,3.0004482,2
-2.0965037,5.5440836,1
12.534752,3.9490335,3
8.39097,-1.6763885,6
11.268352,5.9193172,3
3.311877,4.861864,5
0.6972583,1.9574213,4
12.564426,3.9002566,3
2.3443382,8.581726,3
0.114518985,9.087532,5
6.3456955,-2.3510344,4
3.964031,-1.4016012,5
7.556703,-1.0879121,6
12.453927,3.3359857,3
12.9702425,3.938533,3
4.2478204,4.382634,0
0.43079326,8.461904,5
12.504906,4.814616,3
11.485308,6.5434184,3
0.83784574,10.078951,5
4.77009,0.42291346,6
4.336934,-0.2677324,2
2.5578084,8.164455,4
2.5929775,-1.9412302,4
12.979872,4.3662996,3
4.4652658,-1.7919316,6
10.020315,-1.6308321,6
2.3964067,-2.3231082,6
11.705312,3.8254561,3
2.1647134,7.7854548,0
2.9848878,4.465201,0
5.207269,0.20794308,6
5.9706106,0.034008116,5
1.7810607,3.2314098,0
13.368255,4.963113,3
7.1101723,-1.833002,4
1.50244,8.839463,3
11.926313,4.572465,3
5.832196,3.0054827,2
0.26218078,1.1330514,2
12.276773,5.7218947,3
2.3062325,-1.205472,4
-0.11653115,8.289109,5
4.060828,0.75177205,4
4.9048305,3.262201,0
12.341443,3.954746,3
12.697334,5.07905,3
12.658988,7.1056275,3
9.171639,-0.4912957,0
10.630458,7.347485,3
6.567927,2.6373231,1
13.137733,5.078965,3
6.9975457,-0.7492955,3
7.2058983,-1.7841564,6
2.5025668,-2.4265904,4
12.90295,3.965038,3
-0.0982111,-1.9442526,4
-0.3563489,1.9840827,2
11.133002,4.4937105,3
8.7560425,-2.3223767,6
11.401325,3.4538736,3
8.615026,-1.9256722,6
2.8441415,0.88670635,4
12.688514,1.446663,3
11.447079,6.186333,3
0.02157091,0.50656337,4
9.559826,-0.7493468,4
0.6098663,3.435576,5
0.22063626,3.558286,2
2.4856474,-1.4390048,6
5.7788463,2.2040048,4
-2.3563185,5.0021124,1
1.5698544,10.824235,5
2.6044154,4.2527,0
2.0219584,3.1716685,0
6.525857,-2.331983,6
0.99942225,-0.40171438,0
6.720607,-2.6110234,6
0.5331385,8.595568,5
-0.25444248,1.8688304,2
6.006382,3.2267487,6
12.809211,5.332953,3
9.084984,-2.3728387,6
0.20870745,2.7495198,2
1.7610768,-0.39410174,2
11.138554,1.7855023,3
0.29553604,8.470975,5
3.739832,3.0012958,0
8.772639,-2.5573697,6
4.5593214,4.068801,4
0.3262722,4.4399805,2
12.858096,5.4552145,3
2.1303048,8.172855,5
2.7607388,-1.7387385,4
13.201262,3.2053916,3
4.8737216,3.8085086,0
10.136048,-0.5023811,6
10.163935,-0.4046215,6
12.326558,5.423772,3
3.1850834,4.1013575,2
1.8624389,-1.6939752,4
3.8316956,0.6228087,4
7.9978685,-1.3008045,6
12.847254,5.1248527,3
13.235017,4.795816,3
12.437338,4.140864,3
2.4300938,-1.5629137,4
4.408103,4.266289,5
13.563824,3.6285162,3
-0.15361682,2.551654,2
6.731534,-2.543071,0
4.170498,-0.090858795,4
8.91923,-1.8587686,4
12.68226,4.9863515,3
0.26710713,10.327202,5
6.6283,3.0536945,0
6.775547,-2.348987,6
0.8019951,5.199805,3
11.858883,5.6765656,3
5.710428,-0.4710611,6
6.4924035,-0.4411566,0
0.5190885,8.876664,5
11.450903,3.7582834,3
6.386047,-0.41807988,4
0.72538656,1.5579681,3
0.28759313,-1.9830025,0
5.0933046,-1.6100692,2
11.463003,1.5679092,3
9.008262,-2.2396126,6
13.020049,3.4981687,3
8.658302,-0.14617327,6
4.364549,-1.7958211,4
0.4436894,9.216522,5
2.3759325,-2.5405135,6
0.7592842,-2.4713655,4
11.4612255,0.8613277,6
1.3045207,9.41964,5
1.5056199,-1.3561496,4
11.606796,5.030066,3
4.5614276,-1.0355549,4
8.722397,-0.9821789,6
0.76200444,7.6362414,6
10.664354,6.2351933,3
12.324183,2.9154172,3
12.684674,4.4385047,3
1.0612994,1.1236426,4
11.464978,7.343404,3
1.1075599,5.7587314,2
0.4816268,9.528338,5
12.810388,5.636577,3
4.55643,-1.7399508,2
0.79316705,8.79983,5
1.284801,2.0380168,4
11.200645,3.9368703,3
11.673939,4.442608,3
11.547871,5.2045026,3
4.35076,4.1329236,0
0.8046442,0.70083886,2
2.7450967,3.5272064,2
1.8437852,-3.039013,3
12.9051075,1.7808268,3
12.353301,4.0343804,3
4.2482996,1.507572,0
12.027435,5.5761876,3
8.831512,-2.7435632,6
1.2926444,4.2949595,3
7.7167583,-1.2545979,6
11.901486,5.607593,3
0.802507,1.3647512,4
7.300737,-0.459155,6
12.259562,4.301591,3
5.2047973,3.544645,0
11.420133,6.192815,3
-0.008301228,7.9399476,5
5.0647225,3.8359263,0
7.415098,-2.0796196,4
4.006209,1.4877808,0
10.920581,7.398034,5
12.484171,3.95853,3
1.8385782,-3.2616425,4
0.37874225,5.6463714,5
8.857513,-2.3707132,6
12.2469015,3.697716,3
2.9137857,-2.8044236,4
7.459456,-1.8880872,6
6.233049,2.358855,0
10.343275,-0.31231555,3
1.8622897,1.4702672,0
5.443604,3.2064679,0
0.50662726,0.4723729,2
1.194248,9.676695,5
10.459862,3.2210996,3
4.7713137,1.6859004,4
8.249563,-2.4027197,6
12.797167,2.4429553,3
11.439996,5.2674303,3
12.2986145,1.8317543,3
1.3997723,9.182536,5
0.2670844,5.343916,5
11.861508,6.452209,3
10.983766,4.1962976,6
0.020886812,9.346282,5
11.332405,0.5865971,6
4.805046,-1.9797143,4
11.408615,6.8661747,3
12.556503,5.857188,3
12.67119,5.316959,3
-0.050148338,0.6380134,0
1.6687393,-0.42809552,4
12.168662,1.7222365,3
4.8711777,2.3584192,4
9.935371,7.578463,4
10.025789,1.94142,0
7.860248,-3.1571763,6
-0.07044077,8.480999,5
4.8630657,2.8637915,4
8.334655,-3.1642103,6
10.403917,-0.20233063,3
6.717552,-0.827879,6
12.158585,5.60514,3
2.1141844,2.8042066,0
4.3834605,-0.3733889,4
1.4943439,3.7693865,2
10.998163,5.3753214,3
4.774064,-0.9977607,0
-0.02483992,2.9626138,2
5.6825986,-1.2134249,0
12.732608,5.8052297,3
11.328719,4.8659477,3
12.410677,1.1369315,3
11.8552885,4.5210814,3
7.1728573,-1.2137476,0
12.967823,5.2616854,3
0.26520973,10.326433,2
0.09703173,3.7796075,5
7.5471034,-1.7103628,4
0.071258254,2.8631523,2
8.923766,0.26322597,4
0.8378676,8.188037,5
10.009615,-1.863109,6
1.7498932,8.971509,5
5.6287875,-1.0602102,0
4.9547553,1.2618273,4
3.8704479,4.180015,0
10.700878,6.1396,3
2.194915,9.037569,5
4.5371833,-0.760321,0
5.1690936,-1.195853,4
3.3647056,3.8448088,2
12.623941,1.3875492,3
7.413885,-1.3481426,2
5.0237064,3.9439576,0
5.0699053,-1.3863927,4
10.305155,-1.1830156,6
3.2340174,4.5920987,4
12.159307,4.274577,3
11.352331,1.2372944,4
0.5733017,1.9429411,2
-0.28488097,2.2198694,4
-0.31115904,3.1196065,2
4.307568,1.6764313,4
12.832546,5.753133,3
13.224065,3.19455,3
6.0600157,2.3371336,0
12.463259,5.866401,3
-0.28116086,8.275649,2
10.171864,-1.9434593,6
12.122582,3.7842214,3
1.5624936,3.893907,0
1.0376356,9.538478,5
7.9690614,0.6089138,6
12.675519,4.1151247,3
4.673129,1.6147184,6
1.1011423,2.477596,2
11.784433,3.8013535,3
4.7462673,4.2697515,6
2.9329631,8.739784,3
2.4693093,8.139126,3
5.1326675,-1.0790108,6
12.41627,4.746761,3
11.453184,3.5490527,3
5.3808026,4.8435507,0
8.737489,-1.7346182,6
12.848186,4.9533663,3
13.119834,5.339824,3
1.5032727,3.4239154,0
0.6667026,-0.6158425,4
-0.15705377,1.22588,3
12.116907,3.7659438,3
12.330589,1.0233412,3
1.5915909,10.709632,5
12.656134,3.5079868,3
6.8718886,-2.941149,4
12.574558,5.281297,3
5.2082033,1.5944885,0
5.553752,3.662973,0
5.974051,2.328606,0
6.972131,-0.23886126,0
0.16650194,2.7603085,2
6.692985,2.9201038,4
0.6257526,2.8523147,2
10.530486,-0.81849843,4
0.2564669,4.965718,2
11.518538,6.550177,3
2.1323912,1.8671662,4
5.8255157,1.9390352,0
0.95724225,9.569762,5
5.1192603,-1.9787347,6
11.858792,1.8152953,3
5.483259,3.6323206,4
2.5871522,7.9775524,3
5.4502172,3.0665507,4
4.801931,2.0424354,6
11.329766,6.4456663,3
12.045341,6.265554,3
10.340159,-0.4918903,6
1.0089393,9.8023205,5
0.7001586,-2.4623053,4
1.9086066,-2.6192234,4
12.435764,3.6853971,3
1.6156305,4.675251,3
12.280197,1.1953155,3
12.236493,1.0153903,3
6.329916,0.9337586,6
1.4903005,9.6192,5
4.5469522,1.5723054,4
2.1652398,-2.7058945,4
-0.17906836,3.6130338,2
1.7819531,8.690581,5
1.3952967,6.470194,4
0.05869118,9.400512,5
0.07553515,2.933584,2
8.401725,-2.5566955,6
-0.34856611,2.545484,4
1.3753811,-1.9823576,4
1.9198176,9.847999,5
10.688715,3.4881403,0
1.1799169,10.038866,5
1.4782683,1.2626836,0
-2.3934243,5.0694857,1
6.43243,-1.663347,4
1.7766724,8.594784,5
1.2560652,8.563102,5
0.8405607,9.735379,3
2.9579587,4.276947,2
12.646905,2.6247714,3
6.529486,2.6689231,0
-0.037611343,2.4906383,2
2.5164645,3.7484496,1
1.5820341,10.2234335,5
4.371185,4.080565,0
13.626737,3.2925632,3
12.45603,1.991649,3
2.7766948,3.9591649,0
6.7857795,-0.59943086,6
7.199479,-1.6412022,6
5.585204,3.287734,0
12.440131,1.2174088,3
5.0657716,-0.49093732,2
1.0742229,-2.422514,4
2.3157063,-2.107743,4
-0.18622337,-1.9717047,4
1.4103289,7.744144,5
1.8599554,-0.5234275,4
4.769446,4.212888,0
8.191901,-0.15799303,0
0.09883432,9.627703,5
5.3109827,2.8872201,5
1.6332409,-0.34312624,4
-0.47809166,2.0985951,5
5.7370377,-1.3191947,4
0.166465,5.1743464,2
1.7674077,-1.4395698,0
12.852533,3.3249912,3
2.8377588,4.8338757,0
6.525246,2.8356776,1
7.673346,0.5894835,3
6.1993966,1.2958552,0
1.8479378,2.7195828,0
13.709111,3.954728,3
2.5342605,-3.367298,4
-0.08644239,1.0059893,6
13.268836,4.6447916,3
7.383538,-1.8468409,6
12.866163,5.028899,3
12.683373,4.891367,3
12.1190195,5.7347784,3
5.5864573,-1.3670888,6
12.917142,4.5416875,3
4.7197413,-2.1013453,6
4.5979123,4.091181,0
2.183476,-2.4557843,4
7.4946733,-0.5467704,4
11.923473,4.1655746,3
11.530935,6.207388,3
6.9934206,0.33592835,6
5.7443895,3.4120796,0
0.4528982,4.1273932,2
12.433266,3.3184106,3
12.474309,1.8724358,3
8.404032,-2.8156848,6
11.53604,4.730148,3
9.514788,0.40950516,2
7.279674,-2.9271128,6
4.2919765,4.559144,0
10.860387,1.04392,2
8.589815,-2.1036491,6
8.927107,0.395191,6
1.3909222,-2.2703354,4
5.471326,3.4574325,0
1.0340375,-2.1409893,4
8.255238,-1.4626948,6
5.7590623,-1.929599,6
-0.37900442,2.844923,2
5.01178,4.5300937,0
1.3956121,0.0050593,4
0.121091455,4.816981,2
12.659647,7.0007324,3
6.8568683,-0.8438535,6
13.247583,2.9082968,3
1.8687254,-1.8412452,4
8.408103,-3.2702937,6
1.1187624,0.47944337,0
6.1463714,3.059223,0
7.8158207,0.53059244,4
10.918622,0.2147727,3
5.1478615,4.0906196,4
1.5526075,9.868487,6
12.682973,6.5317626,3
2.765312,3.5099638,2
11.531213,0.6653235,6
5.1686983,1.3560355,4
8.455201,-0.07193092,3
2.4809303,-1.4200512,4
12.018335,4.6386757,3
12.302958,4.5939345,3
6.772682,-0.14365202,0
-0.11568507,8.099261,5
12.448357,3.2141783,3
6.379108,1.5964775,0
13.027765,2.2235723,3
11.347132,6.456995,3
1.7076857,3.9574623,2
1.7579229,-2.7575686,4
11.769452,5.771438,3
1.3386708,-1.8092059,4
12.989684,4.104155,3
1.2999876,10.212905,5
12.957472,3.2242842,3
4.4295764,1.7854414,5
7.7286577,-1.53141,6
8.953089,-0.77988344,3
13.759138,3.8910894,3
3.7440782,5.199119,0
6.2374516,-1.6404086,2
2.0474427,0.016609993,2
9.112698,-1.7918069,4
4.665478,2.245658,3
8.962414,-2.0761955,6
12.805757,2.3872483,3
3.8274455,-1.3989109,6
9.160006,-2.0664337,6
5.494714,1.9961224,4
11.968155,1.0287011,3
-0.42620084,1.9888555,4
-2.0733185,5.076209,1
0.7469955,-2.2670143,1
0.3029478,9.162994,5
2.3666313,-1.4732032,4
11.197839,2.9826477,4
10.86258,5.2817755,4
6.1688185,-2.3414917,4
13.288609,2.6772182,3
0.18596606,2.6273687,2
1.809549,3.3165052,0
7.3859916,-1.1827877,6
0.95939857,-1.1765654,4
13.023205,2.8072717,3
3.7212849,4.0999455,3
11.675013,4.596426,4
10.805874,3.8653376,0
5.340314,2.7974901,0
10.989979,6.927345,3
0.46631956,9.014565,5
1.9111426,1.6796621,2
0.018746477,0.94361454,2
1.4821099,1.2267288,0
2.7686703,0.29724526,6
0.24066702,9.225012,5
12.388442,5.1873026,3
6.3955956,-0.8620447,6
0.39239314,7.9466844,5
5.4522505,4.6973066,3
11.725485,6.977491,3
0.1882552,-1.990603,4
1.3383881,3.9153936,6
0.49535403,8.807528,5
1.9343661,9.919464,5
1.8875866,-3.2284892,4
1.002533,0.1358647,2
1.0453005,4.140337,2
11.659548,5.239832,3
1.9076674,7.2267084,3
2.6678448,-1.6600881,2
11.518791,1.409764,3
5.7376385,-1.2044606,2
12.260581,5.7067013,3
0.68285,7.7411036,5
7.777322,-2.7169025,6
12.609024,2.3047407,3
2.7214804,-1.8253229,4
-2.0734615,5.5586615,1
8.1818905,-2.0727208,6
11.159187,6.6685305,3
7.011465,-1.7437239,6
4.943936,-1.893485,2
8.379395,-2.395153,6
0.5795367,2.1488059,3
8.155407,0.31170398,2
12.059459,1.1560477,3
12.372698,5.7358713,3
3.5361538,3.696125,0
0.37389103,-1.8194969,2
9.47033,-2.086061,6
8.624392,-0.30987433,4
5.6065807,-1.2800974,6
1.229536,-0.93691945,0
12.774769,5.793677,3
10.339627,-0.7484643,3
0.61209416,3.3841026,4
0.774373,2.642391,4
4.1659317,4.759771,0
12.832482,2.5271084,3
1.3589966,-0.06369275,4
0.62234235,10.181729,5
0.11073259,8.436947,5
4.873318,-1.644332,4
4.1826415,-0.80917776,4
-0.19215213,1.2226714,2
6.702951,-1.4228901,2
3.5016408,-1.3777658,4
3.0536942,4.5366488,2
11.837305,5.863874,3
-1.554844,5.288876,1
1.9120823,0.69558835,4
11.822555,4.626875,3
0.83452123,2.2041473,2
1.7616569,0.9459145,4
1.0621489,10.288808,5
10.896545,2.5842688,4
2.9761055,-1.9643292,4
5.1729293,1.0520896,4
5.5241623,0.7652061,4
13.059284,4.845809,3
1.3209922,-1.2350464,2
8.338941,-0.1426617,6
13.300408,2.7858958,3
6.3612003,-2.3063304,6
6.704937,-2.0289729,6
8.62505,-2.3476849,4
11.477021,6.754794,4
0.5760412,4.0727024,2
11.67322,5.5554814,3
11.222373,5.67802,3
6.4086866,-1.0366651,2
12.934686,4.8694468,3
2.3822317,8.778244,5
1.7801884,-1.1709106,4
-0.031098723,3.6774628,6
4.411737,-1.6096709,2
4.145323,3.1073709,2
1.8978076,-0.47084606,2
5.3668966,3.000248,0
0.20141442,1.6617322,0
4.018752,1.2070067,4
7.9976377,-2.7925186,6
0.3545647,8.587579,5
2.1250882,-1.3729479,4
8.219282,-1.0837388,6
9.604976,-2.038174,6
9.578818,-2.0016756,4
11.63763,1.4873242,3
12.873548,3.771901,3
11.642502,3.856834,3
1.2232383,1.5403327,2
3.197599,4.203501,0
6.8246465,-2.748653,6
6.073483,0.33012596,0
6.779009,0.876457,0
8.515076,0.02974232,6
-1.9859613,5.1993737,0
0.135025,9.53472,5
2.1217124,-2.0605497,2
5.61133,3.5173547,0
0.70625955,9.846255,5
12.284196,2.2698097,3
11.299051,5.6704154,3
5.0879836,0.05535219,4
2.1404362,-3.2947493,4
12.724275,4.436289,3
11.455109,4.484011,3
13.14847,2.7470665,3
0.3546085,-1.5599936,4
1.1417178,-0.01928203,4
4.720022,-2.0224445,2
12.346682,1.9497107,3
0.1548565,8.803804,5
0.6442796,8.875113,5
3.1944258,3.882027,2
7.9419184,-2.5407763,6
6.439446,-2.7051528,6
2.978943,-1.0051591,4
8.740109,-1.5882512,6
3.2129774,-2.661418,4
3.2791417,-1.0811244,4
9.716748,4.638281,0
0.8619025,9.875645,5
12.356582,5.926646,3
-1.7625271,5.7884407,2
7.633438,-1.4759543,0
-1.2415124,5.1574144,2
7.5150194,-2.8083055,6
1.718646,9.222573,5
1.092251,-0.56830525,4
3.8257177,1.1718892,2
12.929343,4.766192,3
8.435156,-0.44564384,6
7.0797215,-0.82762486,4
4.3646765,3.6142144,0
7.928792,-0.30492964,6
8.910649,0.27566227,6
-0.21449426,2.0341325,2
2.0592244,3.1397467,2
2.0270946,-1.8370575,4
7.709164,0.08397371,0
0.17809342,3.6503234,2
0.998692,8.346733,5
4.306065,1.8298341,0
6.625557,-0.51578796,2
0.19230014,9.367504,5
5.2633233,2.8976133,0
2.061268,3.1198323,2
0.5517906,-2.229822,4
4.491677,4.4240966,0
9.8374,-2.0515537,6
8.100413,-2.3231921,6
4.420335,0.99726945,4
1.5398883,8.411453,5
4.575396,4.3056164,0
7.1129484,-1.9739591,4
5.2196193,-1.0186564,6
1.9569944,-3.4350204,4
2.4369338,4.797414,3
-0.27644184,2.0000105,4
6.294272,-2.3334281,4
0.6047556,8.280251,5
2.2987213,9.030226,2
12.248676,6.8690434,3
10.758823,0.3781711,3
1.4901986,-1.4538695,4
9.17635,-2.104152,6
1.6483626,4.4371934,0
5.2563314,3.2419584,0
0.7469414,6.8934426,2
1.2601159,-2.1473622,4
6.6601887,-0.70288783,4
1.7003902,8.561622,5
12.104603,4.445411,3
12.562714,4.3821454,3
-0.4303146,2.0133035,2
1.851698,-2.5261273,4
2.3984885,5.9533024,5
5.879591,2.6583905,0
2.4650893,5.357396,0
5.9839835,1.0669801,3
11.878594,4.917001,3
1.4087119,9.198528,5
3.7721665,-2.143057,4
2.5634367,4.562979,2
2.089969,-3.2539885,4
3.0597596,-2.1337142,4
3.1460555,4.114464,0
2.443952,-0.6157132,4
1.948638,3.7831976,3
8.638745,-2.5127816,6
13.419365,2.798084,3
5.826853,3.7364314,0
5.0285354,0.8186351,0
1.0635033,7.0879517,5
4.2604675,4.1775217,6
4.0119634,0.9892269,4
6.5643177,-1.6332372,4
12.43491,2.8603423,0
0.60671616,9.690462,5
12.827452,2.5196905,3
1.3086466,-1.2726926,4
8.685773,-2.4908845,6
12.325849,2.0460758,3
2.6991792,-2.7766538,4
2.947165,8.430188,5
11.568139,5.607333,3
11.382191,5.458594,3
0.30654642,8.195316,5
3.5277631,0.50816864,2
8.95075,0.3300292,6
-0.01327309,2.440298,2
1.7465115,9.759122,5
4.8602767,4.110761,0
2.926935,-1.8429258,6
0.6265412,3.5312335,2
0.80330265,5.3723855,2
0.66163796,-2.162686,2
1.0548197,4.3917847,2
2.457881,7.999535,5
10.731706,4.149167,3
12.323422,5.060333,3
12.520567,5.631431,3
10.14486,7.361435,3
6.334541,-0.939731,2
7.023656,-2.414567,6
12.858675,4.9551578,3
11.174551,1.0904449,6
1.7550911,3.1045556,2
2.4530303,-3.2850914,4
4.5829167,4.4632316,0
9.863967,-0.7903743,6
1.9101413,-1.425927,4
0.18399526,3.6006281,2
4.0518107,-1.13754,4
6.404956,3.0886915,0
1.4478823,8.973695,5
2.9855046,5.545415,2
4.775645,4.353,0
1.4358245,9.808907,0
7.9747295,-3.0614161,6
5.503564,2.7633655,0
5.327689,-1.6403097,6
0.25269994,9.047912,5
5.441209,3.9260485,0
1.9535577,-0.25950915,6
12.934267,3.2151217,3
12.699929,7.087594,3
5.4818845,3.4277437,0
1.5170307,-2.0685444,4
2.077987,-3.1266012,4
9.4837675,0.33821467,6
5.3719077,3.588324,0
-2.1607323,5.5376644,1
11.08271,5.970171,3
12.6972685,2.9441133,3
0.7895697,7.5003514,5
0.1972644,-1.8011086,6
4.958997,1.3001829,0
5.537531,0.42220858,4
6.1693306,0.40030396,0
0.88152033,7.9544673,5
4.8382025,4.1054287,0
4.27488,-0.22769977,6
4.133862,0.35469985,4
2.1637232,2.8951077,4
12.156458,4.390955,3
0.30873337,5.5258746,5
5.8587294,-2.5827968,4
11.315489,6.9744306,3
6.9272585,-3.1188574,3
1.9916382,4.161311,0
7.745653,-0.68743515,6
4.0884113,0.9318543,6
-1.2457503,5.2553215,2
1.1558776,-1.8197688,4
12.264175,6.662968,3
11.405721,7.0436106,3
12.597639,3.0959816,3
2.8844197,-1.8721551,2
1.9351244,7.515523,5
1.284188,10.008084,5
1.3652828,8.253966,5
1.8217338,-2.3559597,4
7.2412786,-2.4092224,0
11.152543,4.2208695,3
10.261652,7.516286,3
0.39714015,1.553875,2
2.0408375,9.638267,2
0.3142342,7.716321,5
13.07448,5.2031918,3
1.6220216,-0.35956478,4
1.8282764,-2.6609519,4
12.35236,4.688284,3
11.572346,7.2313123,3
2.047428,-3.2526968,4
8.157145,-2.062221,6
5.0377116,2.9223146,0
2.2209995,4.8534293,6
10.066631,-0.6083394,6
5.4670515,3.3883123,3
3.7504532,0.0886554,4
2.0931315,-2.160519,4
1.9325593,-2.745758,4
1.098513,0.45380667,2
-0.24444617,-1.649879,4
6.7436767,-3.031235,0
8.44423,-0.21673384,6
10.965787,0.35508457,3
3.1157439,-2.3717823,4
-0.28548327,8.290896,2
1.8289427,10.61255,5
3.2428303,-1.1511803,4
1.5462859,10.779994,5
9.924851,3.963828,4
4.82781,3.1527872,0
1.6657852,8.301635,5
10.936782,6.670977,3
3.6817324,4.704259,4
6.6915417,2.53306,0
0.70303863,8.977849,5
0.41784993,-0.9939915,2
4.8829513,3.5337534,0
12.67099,4.687089,3
12.169394,4.178395,3
0.9683811,-2.6942117,4
5.828119,3.5079415,6
0.52435476,9.564056,2
10.829997,7.41951,3
7.6474314,-0.6950129,6
0.6256403,3.118579,2
11.600543,5.1390467,3
11.981261,5.210185,3
2.0579236,1.942299,2
8.110764,-1.8191845,6
0.75002027,8.2710285,5
12.634768,5.678167,3
8.85101,-1.920963,6
11.288827,4.540929,3
1.1602845,-0.019264199,6
13.426602,3.8461149,3
4.087313,3.8208904,0
-0.2465523,-1.2722703,0
2.5223832,4.376532,0
6.8857365,-2.894531,6
10.5841255,4.3292446,3
12.565355,6.7187753,3
1.3243728,9.478888,5
0.5990229,8.855433,5
2.5895772,-2.777358,4
2.5579765,0.7276859,6
4.0891914,-0.99954855,2
4.2429075,3.4640834,0
8.526707,-1.934306,6
1.6243558,-0.10947827,4
7.5802145,-2.6890695,0
11.634556,1.6026427,3
7.208468,-2.6187365,4
11.808522,0.5121155,3
3.3865948,-2.5249307,4
2.0150611,3.1010044,0
-0.06978316,1.84962,4
8.380868,-1.4492083,6
8.291169,-1.1828684,6
0.64179593,2.8464599,5
5.305553,2.3156235,0
-0.3371653,3.0691648,2
11.386486,5.109884,3
0.28113663,4.043981,2
0.4431822,-1.1351842,4
1.0666301,-0.4981613,4
3.1140912,3.8276336,0
11.203195,1.8587941,3
12.233563,4.185892,3
10.139409,7.419474,3
4.2957067,-0.17148024,0
11.800855,2.5066373,3
5.9584527,2.3876889,4
6.417556,1.8481009,0
10.906808,6.9714847,3
1.8032919,8.818686,5
1.7155423,1.0860552,2
6.2123556,2.3595042,4
12.422971,5.735024,3
1.1735106,4.583714,2
0.74000484,2.7701445,2
12.828836,6.976624,3
3.2866132,-0.9764076,2
11.943877,5.946401,3
5.8852615,0.64764154,4
0.83044493,9.889108,5
11.516761,7.0587344,3
8.617071,-2.153927,2
1.7912241,10.573184,5
11.611415,1.1755918,6
13.111544,5.4007444,3
0.7817418,9.42811,5
8.615788,-1.8890672,6
4.580558,2.893683,0
8.342403,-1.779695,6
8.340285,-1.515444,6
13.025474,2.288444,3
6.480212,-1.9149678,6
11.069341,7.569169,3
11.800274,4.1529846,3
11.820432,4.8147435,3
11.971572,5.1259866,3
1.1485462,9.990638,5
7.7277,0.64884007,4
10.173781,7.4721017,3
12.093855,3.308242,3
6.1035986,-1.683772,4
1.139738,9.422946,5
8.828045,-0.97635156,6
12.454305,2.0859728,3
3.3712656,-1.7012879,6
1.7861502,-2.0505486,6
0.7157898,8.23842,2
8.884213,-1.4072921,6
11.623174,5.9552755,3
1.9668407,-1.1042317,2
13.184504,2.6721141,3
1.3443713,-0.02612917,2
7.644367,-1.1673001,6
0.74522054,9.18785,5
8.011524,-2.5585334,6
-0.065867566,3.896725,2
12.292763,1.9207594,3
4.800078,4.584887,0
-0.0519974,1.323856,2
0.15571669,9.692495,5
-0.14163305,3.9165962,2
1.2535998,-2.3119917,4
0.5961274,9.200114,5
12.865936,5.1726694,3
-0.04995547,3.834723,2
0.6370854,8.99947,5
0.6889883,1.7101876,4
6.4010954,0.50439423,6
0.7997368,10.050903,5
4.6536546,1.5397508,4
12.90209,3.272366,3
1.0428556,8.199914,5
3.4644525,4.6618567,0
1.2307912,8.754912,5
-2.423222,5.1157255,1
1.8475564,3.8828723,2
6.2917757,-2.2667181,6
-0.0359884,8.943992,5
0.5470931,1.4950416,2
11.819015,6.387433,3
11.914605,4.0277376,3
4.098477,3.2798667,3
3.2258568,5.0107856,2
8.772347,-2.46932,6
12.356801,1.9321058,3
4.2692294,1.8564777,4
8.345583,-0.10952963,6
6.688373,2.5167215,0
12.809961,4.3932524,3
11.579613,1.9481778,3
2.695454,9.2760105,5
11.176394,0.52369684,3
1.5090519,9.203429,5
4.743667,-1.2237526,0
6.8601894,-0.84375143,4
7.2580113,-2.1715627,4
3.1530595,4.680244,2
5.748134,1.9922876,4
13.048771,2.2439609,6
1.743473,4.1254845,2
13.026319,4.684659,3
4.502498,-1.9373354,6
1.5595899,-2.3239617,4
6.2280974,-2.1387818,6
2.3259194,8.813077,5
3.9798834,-1.8515029,4
-2.269363,5.142513,1
1.4919868,-1.4770417,4
11.706001,1.2911514,3
6.389653,1.8199384,6
10.640451,0.2877109,6
13.57534,3.6001346,3
2.10449,-2.7781298,4
8.395728,-0.08974832,6
1.4921453,-1.0150678,4
0.6762602,-1.3071936,4
2.7516744,0.054868333,4
10.4689045,4.198137,2
10.081019,2.9904706,0
3.5652294,0.25342175,6
1.4342058,3.3298638,2
1.6670516,-1.2647687,4
0.17602146,8.924497,2
6.700093,-2.9330602,4
10.473297,3.5077865,3
3.766406,-1.9065022,6
0.989331,9.202992,5
5.524562,2.5343838,0
12.361396,1.7687703,3
8.315881,-1.6285504,6
5.601281,0.46420953,4
12.895666,4.6102705,3
11.527121,0.66317767,6
1.6347297,3.9775772,2
12.034672,3.2536614,3
11.6365795,5.8321896,4
11.989485,1.293196,3
2.7775593,-2.8702078,4
0.61035115,3.3615677,2
12.800435,2.193882,3
7.475516,-1.1325986,2
11.867926,5.6004076,3
0.1870436,0.7331675,2
11.514962,1.898528,3
2.255014,-2.6646564,2
5.1901846,1.5248632,0
1.685351,-1.4216664,4
1.6263752,-1.3046263,6
11.463027,4.0696006,3
8.771493,-0.90749776,4
0.4400687,9.750507,5
5.14263,3.7146173,0
-0.25445148,-1.8261719,0
1.7497766,7.022468,5
6.165893,-2.5549135,6
1.4477807,8.299369,0
6.611568,-0.07984201,6
6.0590367,1.7374425,0
7.5720954,-1.2583812,6
6.5717845,-0.67938894,4
10.240946,7.2591496,5
13.17088,2.6342406,3
6.426953,-2.924021,6
0.719004,5.4114747,2
4.791014,0.21847172,4
0.8378558,-2.5511158,4
4.9170723,1.1402049,0
10.367042,-0.49583545,3
13.310585,4.6744585,3
6.89133,-2.558052,6
2.3324711,9.052169,5
4.3418975,-0.11709418,4
0.42460355,-1.785113,4
2.2587328,8.685844,5
13.059361,5.20512,3
11.685746,6.688495,3
8.933749,-3.0039027,6
0.11552736,8.181751,5
6.488801,-1.0151708,4
5.802038,-0.5757023,4
0.4428406,8.984792,5
-0.05793629,3.4869928,2
2.0398731,-0.21866702,2
1.3919113,10.031765,5
5.881722,0.8019766,6
-0.34871107,-1.8812234,4
11.343103,4.952929,3
4.105025,-2.014995,6
11.680428,4.2898507,3
2.5424354,-1.7324452,4
5.003052,2.1706455,4
11.302346,1.1226875,4
6.336572,1.7730128,2
4.4334583,-1.1178414,6
0.99473476,2.3826747,2
0.87113863,-2.4179394,0
4.7040114,-0.46065405,5
4.5498686,-1.701332,2
2.6986716,3.7898786,2
4.710382,4.6560516,0
11.983528,5.822846,3
4.3442497,0.50074255,5
6.441555,0.39106748,6
3.3774996,4.5107923,0
5.151561,3.1040003,0
8.512287,-1.3625008,3
3.288238,4.512818,0
10.725364,7.6507883,3
8.248774,-1.7921487,6
4.441928,4.004264,0
3.9704285,-1.2221859,0
12.1661005,5.88433,3
12.088533,1.5640159,3
0.2623785,8.942785,5
7.062229,-0.666016,0
5.2536387,1.3336027,0
9.4474745,-0.9662602,4
4.2497683,4.5558043,0
2.9508655,-2.4396715,2
5.4819603,-1.8501508,4
8.221322,-2.323103,6
4.014394,-1.3995874,6
1.5519378,10.397997,2
12.927013,5.8274026,3
4.6063237,3.8253405,0
5.005218,3.6969068,0
10.931407,4.5821853,0
6.719278,-1.4435598,6
12.238043,4.4408317,3
11.51916,3.4147758,3
13.150581,5.1431565,3
1.2619781,8.936405,5
2.2398043,-1.8013933,2
2.084758,-0.82985795,6
12.22169,1.2574258,6
3.5611067,-2.2950475,4
11.104117,5.9060774,3
-0.07114767,2.6083581,2
11.206379,0.71161324,6
0.87142515,10.209841,5
10.226168,-0.33336872,3
4.896939,-1.27503,6
4.9991026,3.683391,3
0.26351607,3.555853,2
11.18651,7.1661534,3
7.5438786,-1.0369214,4
1.2782336,8.735511,5
2.405388,4.872067,0
11.2234745,1.2205807,6
-0.07690687,7.9269676,0
12.210809,3.5743084,3
3.7925115,1.1383821,2
8.700389,-1.3256587,6
1.5051858,-1.711544,4
4.278402,-0.5575996,4
11.532778,6.301087,3
-1.4409237,5.436365,5
2.6830034,-0.009597544,2
4.570938,0.06554281,4
5.988602,-2.3186002,6
3.5944338,4.002548,2
1.0020066,7.3663254,5
0.00020079473,1.4075043,4
13.32362,3.9140522,3
9.460591,-2.2848768,6
10.850711,7.1847215,3
4.589934,1.1451138,4
4.1104927,1.0795491,2
11.70006,5.212849,3
0.004909107,2.125743,2
1.984067,-3.2915208,4
11.453515,0.8290446,6
-0.12660077,1.3120705,6
2.9273386,-1.6933533,4
7.328341,-2.5270908,6
6.6618824,-3.245931,6
1.9642439,9.315119,5
8.933917,-1.2962916,6
8.326075,-2.764731,2
10.78969,4.0345855,0
0.23549986,1.1227628,4
11.104255,3.722601,3
2.3260436,8.956153,5
0.72090316,-0.62001383,4
8.746475,-2.2381182,4
0.5719132,1.9070697,2
7.451225,-1.9478087,6
9.446488,-1.6967999,6
0.7413219,2.4225278,4
13.269499,3.0174277,3
13.112477,5.1736345,3
13.032297,4.1716204,3
1.6678413,2.6807148,2
-0.06580727,-1.068032,4
8.3728,-1.0668353,6
4.984336,0.3129444,0
0.06334802,1.3092737,2
5.7539635,3.6105704,0
9.596478,0.30455208,6
12.139313,5.8747373,3
11.750101,7.0104647,3
5.543071,3.4995089,0
6.696062,1.754347,0
1.5771186,-1.0316281,4
3.6901865,0.27719364,4
11.761947,3.401052,3
5.5612206,-1.9017476,6
5.011949,2.4887555,4
1.4023241,-1.1691263,4
0.9181061,9.0984955,5
1.9013901,-1.2176117,6
5.2439947,0.108554445,6
9.558584,-1.1003311,6
-0.055629965,2.577936,5
11.377048,0.84260195,3
11.139053,1.2820134,3
4.6660843,-0.4225263,4
11.985787,6.2925677,3
0.9501649,7.358076,5
11.019945,0.5880701,3
5.619938,4.425436,4
12.4150305,3.3486543,3
1.9414092,-0.31701615,4
1.9957436,-1.4439265,4
13.171609,2.3732612,3
12.211057,1.488981,3
13.284508,3.7356577,3
7.7344155,-1.3227761,6
5.8849125,-1.3870733,2
5.0031614,2.3986492,3
1.6265593,8.566958,2
6.8170485,-1.7328374,2
4.71465,-2.0496373,4
10.907402,6.11163,3
-2.323741,4.932904,1
5.628534,0.32230306,5
0.9825663,0.75869894,2
0.3008374,1.4316126,2
3.7211287,4.0409408,4
1.3301688,8.415608,5
13.03668,5.104893,3
11.029744,3.1696289,3
1.3441246,-2.708586,4
6.485585,0.8132424,4
6.829899,-1.2677954,3
0.35529897,-1.4644307,4
12.879775,2.2914622,3
1.5758208,10.050842,5
12.478757,2.1424408,3
5.0502834,1.3520887,6
5.2964187,2.8286433,0
7.741584,-3.3013732,6
3.327012,3.9364417,2
10.635974,7.4419227,3
0.53339714,3.1058383,2
2.60144,-2.4188213,4
3.3713398,3.6929634,0
0.22754362,9.660539,5
12.988854,3.8121772,3
7.9925857,-2.8312852,6
7.7303805,-3.0499806,6
0.22855498,2.2944863,4
13.233784,4.04926,3
10.848792,4.3072486,3
2.8279593,3.7896657,1
10.544736,-0.04744651,3
1.880751,3.121904,2
0.2915579,0.505873,4
6.1828036,-1.9502888,6
2.8176687,-2.2348428,4
11.56381,5.35249,3
-0.091517136,-1.8463312,2
4.9300594,3.8619773,0
12.363932,3.7944267,3
0.11055636,4.6296067,5
0.8358954,2.02677,2
0.19438778,8.386494,5
1.7852713,10.522017,5
12.639332,3.4039679,3
1.569031,9.655851,6
0.06488074,2.4042985,2
0.42726842,3.4730456,2
1.0893706,2.2289834,2
12.765872,4.1402483,3
7.453973,-1.6038198,6
11.539043,3.1854975,3
12.251028,3.645928,3
-0.16229637,1.1588755,2
2.2869167,-3.1251323,4
6.009056,-1.5333276,2
5.807643,2.3486838,0
2.7480404,-0.1543547,6
2.9256961,4.397947,2
8.469139,-1.2267742,6
9.375684,-2.2531989,6
7.184657,-0.90033495,6
8.687518,-2.0378115,6
0.5176333,9.345317,5
-1.596362,5.4538393,1
0.3806374,5.9720836,2
9.660457,4.665716,6
3.4660096,-1.393213,6
2.3016338,4.366094,4
3.7153983,0.28224212,2
3.4295917,-2.2991717,4
8.37286,-1.9860681,6
11.938654,5.42523,3
0.8390252,2.1720524,2
-0.38066337,3.1678216,2
8.315195,0.17143686,4
0.259503,9.082641,5
4.3711467,-0.9313388,6
12.511578,3.6231272,3
5.3793187,1.168789,2
11.282453,4.2523856,3
0.08406621,2.3306441,2
2.26889,2.6911168,4
-0.24570446,1.5101513,4
11.879844,1.3490611,3
-2.4259684,5.165985,0
12.313378,1.4308549,3
1.6523787,-0.63547724,2
12.58997,4.574941,3
1.9357499,-2.339832,4
0.75575227,6.672515,5
3.7451885,-2.0175703,4
0.52170086,9.041727,5
6.0506907,0.05810573,6
2.3446453,3.7651765,0
0.23310064,8.910084,5
0.8485108,10.4177885,5
1.2674394,3.2229466,0
1.9976507,-1.7996736,4
6.9099107,-2.4861143,6
13.100571,3.7365618,3
2.6867948,-3.2534838,4
8.811591,-0.31387034,6
8.973636,-2.72838,5
11.623101,7.397805,3
4.6814666,1.7651975,0
11.160026,4.644415,3
8.121491,-1.5679326,4
1.619889,-2.1182432,4
0.97361946,8.00321,5
12.61164,7.151758,3
12.048339,5.535312,3
1.5970615,2.281017,2
12.331734,1.5514147,3
0.040684115,9.471426,5
12.734611,5.5544076,3
1.670752,1.4986943,0
1.3744705,9.562742,5
1.3235286,4.1556535,3
4.8074546,-0.2775356,4
0.92932534,8.312233,5
12.777245,3.0305362,3
-1.8866192,5.454995,1
2.795786,8.312965,5
0.1090736,-0.9842464,2
5.075952,3.1282911,0
11.513521,5.981869,3
4.54443,-0.80675364,4
2.7845242,0.26600492,4
12.336716,3.143139,3
12.2924595,2.6754303,3
8.2787,-0.388323,6
13.125594,3.4410174,3
2.221553,-1.8237259,4
2.5278435,-3.2874525,4
10.65505,0.28937528,6
10.192277,-2.1465604,6
1.5538388,1.6141682,4
12.822427,3.7074106,3
4.7590394,-0.6329805,4
8.475166,-0.060802042,0
7.564387,-2.149824,4
11.961356,1.5699582,3
2.1964862,2.9186423,3
4.4202514,3.6201417,0
-0.09519008,3.1952589,2
2.64094,-2.0697896,4
5.126908,1.6891243,0
2.6292467,3.7011724,0
-0.16733526,2.1636271,2
3.72518,3.7962089,0
5.0260987,3.4892142,0
0.8322459,5.4465265,2
4.3283043,1.1264625,4
10.508818,4.061182,5
2.6875157,3.793384,0
1.9151114,10.6235075,5
7.8189235,-2.8316267,6
1.282661,7.741082,5
5.243111,2.6934254,0
8.386559,-0.20056796,6
0.2694788,-1.4134294,4
3.3720963,3.8780231,2
7.649063,-1.9420829,6
7.037993,-2.7487144,6
4.561702,0.8098493,4
12.653025,1.9737368,6
6.440057,2.6762023,0
11.211482,5.8525004,3
4.0576544,3.7453904,0
7.291091,-2.157108,4
12.790995,2.6827064,3
4.673654,-0.9780659,6
0.29322153,0.916777,2
3.6686635,-2.488149,6
4.7352586,2.1247706,0
0.28618807,5.760959,2
7.457615,-1.0147908,4
1.6721946,2.9205353,4
1.6777314,8.411266,5
11.512384,5.804133,3
1.3092892,9.837255,5
5.848851,0.27111873,0
11.880673,3.8339112,6
5.0835485,3.7964036,0
1.20026,-0.9472586,4
5.3174872,-1.9296056,6
0.2685445,7.812383,5
12.185373,5.4001784,3
1.214878,-1.408156,4
4.229289,-1.9549118,4
9.958009,7.279114,3
12.430605,5.7889457,3
10.326708,7.1522603,3
0.67315286,6.775555,2
11.73057,4.363684,3
4.977537,1.5224413,0
8.290025,-1.7783864,6
-0.25976264,2.4672813,4
1.539433,-2.884445,4
5.552566,-0.6439513,4
11.596813,4.2260365,3
11.666187,7.0307193,3
13.06769,4.3533106,3
-2.1419046,5.592258,1
3.3045342,4.283552,0
10.29632,-0.8685532,3
11.9059515,4.0890527,3
5.8319216,3.6266038,4
0.3122678,7.583765,5
-0.026326386,8.337791,5
3.3692849,-1.1884276,4
4.150333,0.84997565,4
6.7607174,-1.1172595,6
3.0853238,-1.9427972,6
1.1510409,1.4772387,2
7.2669816,-3.0124447,6
8.248727,0.05605348,3
12.772436,5.0985875,3
2.0462735,-2.3134549,4
6.698871,2.3124242,4
2.4565592,1.6386087,4
6.355685,2.6412728,0
1.703641,7.8609767,2
4.3856883,-0.6925674,4
5.5939255,1.6346444,0
11.992612,6.6983542,3
0.9067445,8.78916,5
1.473132,10.831011,5
7.9422464,-1.9301181,6
1.1416457,-0.49378324,4
12.280354,2.6835861,3
1.3978044,-1.73897,4
6.7354507,1.7306421,1
4.7182117,-1.9588033,2
11.862225,5.0583916,3
12.582868,3.4465714,3
1.6850429,-1.194783,4
12.806604,5.7528224,3
1.5973979,0.64389277,4
5.35697,0.74420965,4
6.08695,-2.5864563,4
